date,mean(¡ÆC),prep(mm),humidity(%),input,whole_price,retail_price
20160101,1.2,0,73,0,48000,28250
20160102,5.7,0,76.9,0,48000,28250
20160103,6.5,0,80.6,0,48000,28250
20160104,2,0,54.4,182920,48000,28250
20160105,-2.7,0,39.4,47480,48000,28250
20160106,-1.7,0,54.3,35172,48000,28250
20160107,-3.4,0,51.8,38818,48000,28250
20160108,-3.3,0,49.8,91475,48000,28250
20160109,-2.1,0,57.1,11865,48000,28250
20160110,0.3,0,42.3,0,48000,28250
20160111,-3.8,0,38.3,90263,48000,28250
20160112,-5.2,0,46,42330,48000,30605
20160113,-4.5,0.4,63,49455,48000,31105
20160114,-3.4,0,52.1,67959,48000,31851
20160115,-0.4,0,52.3,69717,48000,31851
20160116,-0.2,0.1,68,26550,48000,31851
20160117,1.7,0,64,0,48000,31851
20160118,-6.3,0.2,59.8,116138,48000,31851
20160119,-12.8,0,45.9,49637,48000,31851
20160120,-10.5,0,43.6,45272,48000,31851
20160121,-7.1,0,44.3,82947,48000,31851
20160122,-7.6,0,40.5,595515,48000,31851
20160123,-11.5,0,42,134367,48000,31851
20160124,-14.4,0,48.5,0,48000,31851
20160125,-9.4,0,47.1,161361,48000,31851
20160126,-3.3,0.3,64.5,137474,48000,31851
20160127,-1.1,0,56.3,293614,51000,31851
20160128,-0.5,0,51.5,388242,51000,31820
20160129,1.9,0,43.6,476996,55000,31820
20160130,0.6,0,59.5,0,55000,31820
20160131,-3.9,0,34,0,55000,31820
20160201,-6,0,36,453081,55000,31820
20160202,-5.3,0,41.8,414931,52000,31236
20160203,-2.4,0,49.6,317243,52000,30404
20160204,-0.7,0,50.1,211016,53000,30854
20160205,-2.2,0,39.4,154461,53000,30516
20160206,-3.1,0,38.6,64757,53000,30516
20160207,-2.9,0,46.5,0,53000,30516
20160208,1.3,0,62.1,0,53000,30516
20160209,0.3,0,52.5,0,53000,30150
20160210,2.7,0,38.5,0,53000,30150
20160211,8.1,0.1,29.3,3678,53000,30150
20160212,8.4,18,95.3,1530,50000,30129
20160213,11,21,95,0,50000,30129
20160214,-2.6,2.5,73.1,0,50000,30129
20160215,-5.8,0,48.4,10860,50000,30488
20160216,-2.7,0.8,65.6,20798,48000,30488
20160217,0,0,53.9,30759,48000,30945
20160218,3.5,0,66.4,21720,48000,31111
20160219,2.3,0,56.4,46745,48000,30111
20160220,1.3,0,37.1,4530,48000,30111
20160221,-0.6,0,36.4,0,48000,30111
20160222,1.1,0,36.6,53745,48000,30111
20160223,0.7,0.9,56,13050,48000,30861
20160224,-3,0,42,25980,48000,30861
20160225,-0.2,0,49.9,26581,48000,30861
20160226,2.2,0,41.3,44670,48000,30861
20160227,3.3,0.2,57.6,7650,48000,30861
20160228,0.7,4.1,65.5,0,48000,30861
20160229,-3.8,0,48.6,94725,48000,30861
20160301,-2.7,0,47.3,20993,48000,30861
20160302,3.1,0,67.9,55095,48000,30861
20160303,8.1,0,65.1,52395,48000,30861
20160304,13.2,0.1,55.3,47940,48000,31127
20160305,11.3,40,91.3,10365,48000,31127
20160306,7.9,0.2,51,0,48000,32603
20160307,8.1,0,36.9,90525,48000,32603
20160308,2.7,0,40.4,23805,48000,31603
20160309,0.3,0,37.5,37680,48000,31603
20160310,-1.1,0,37.8,40770,48000,32603
20160311,-0.5,0,43.8,50470,45000,32037
20160312,2,0,55.6,8175,45000,32037
20160313,3.7,0.1,68.1,0,45000,32037
20160314,4.7,0,57,69893,45000,32037
20160315,5.2,0,43.4,36930,45000,32037
20160316,7.5,0,45.1,26010,45000,32037
20160317,9.3,0,40.9,28200,45000,32037
20160318,13.4,0,50,52388,45000,32037
20160319,11.4,0,58.3,24090,45000,32037
20160320,10.6,0,54,0,45000,32037
20160321,9.9,0,54.1,113142,45000,32037
20160322,8,0,58.1,37155,45000,32037
20160323,8.2,0,49.6,33038,45000,32037
20160324,7.2,0,36.5,49395,45000,31031
20160325,7.1,0,43.9,63008,45000,30148
20160326,6.5,0,54.5,17880,45000,30148
20160327,7.2,0,55.6,0,45000,30148
20160328,9.8,0,47.8,83602,45000,30148
20160329,11.3,0.1,57.8,57555,45000,28912
20160330,11.5,0,49.9,30968,45000,28912
20160331,13.5,0,27,123690,45000,28912
20160401,15.3,0,26,144773,45000,28912
20160402,15,0,40.8,14715,45000,28912
20160403,10.7,2,75.1,0,45000,28912
20160404,12.3,0,42.6,101843,45000,29112
20160405,11.4,0,45.1,49920,45000,29112
20160406,14.4,3,44.3,41048,45000,29112
20160407,14.1,7.5,69.5,38483,45000,29112
20160408,11.1,0,76.1,48000,45000,29112
20160409,10.7,0,83.9,13830,45000,29112
20160410,13.4,0,71.3,0,45000,29112
20160411,12.5,0,43.8,79516,45000,29112
20160412,14.1,0,42.6,29070,45000,29112
20160413,15.6,1,67.5,16125,45000,29112
20160414,12.4,0,75.9,38205,45000,29112
20160415,15,0,46.4,44415,45000,29112
20160416,14.9,23.5,58.9,540,45000,29112
20160417,10.8,20.5,66.8,0,45000,29112
20160418,11.2,1.5,65.4,76830,45000,29112
20160419,12,0,55.1,41963,45000,30315
20160420,14.3,0.5,54,32040,45000,30870
20160421,13.5,17,87.6,56708,45000,32126
20160422,13.5,0,83.4,115890,45000,32126
20160423,13.5,0,52.1,9750,45000,32126
20160424,15.5,0,39.6,0,45000,32126
20160425,17.2,0,34.8,108947,45000,32126
20160426,21.1,0,34.8,66698,45000,32126
20160427,17.2,0,32,31984,45000,32126
20160428,17.2,0,34.4,50678,45000,32126
20160429,16.2,0.3,47.6,30090,45000,32126
20160430,15.9,0,45.3,4530,45000,32126
20160501,18.8,0,40.5,0,45000,32126
20160502,21.1,16.5,64.5,112575,45000,32126
20160503,12.9,27,86.1,31770,45000,32126
20160504,15.7,0,46.6,51931,45000,32126
20160505,18.9,7.5,50.8,43905,45000,32126
20160506,16.3,9.5,89.3,37470,45000,32126
20160507,16.5,0,60.3,8235,45000,32126
20160508,19.4,0,44.8,0,45000,32126
20160509,20.2,0,43,71273,45000,32126
20160510,14.5,13.5,82.4,34545,45000,32126
20160511,16.4,0,60.9,73155,45000,32126
20160512,17.8,0,62.4,64650,47000,32126
20160513,18.6,0.5,57,30083,47000,32126
20160514,20.2,0,47.1,3735,47000,32126
20160515,17.4,45,73.9,0,47000,32126
20160516,15.9,2.5,57,36960,47000,32126
20160517,19.3,0,48.8,61785,47000,32126
20160518,22.3,0,40.3,32055,47000,32126
20160519,24.3,0,36.4,27720,47000,32126
20160520,24,0,32,24525,47000,32126
20160521,24.1,0,23.8,8700,47000,32126
20160522,24.7,0,35,0,47000,32126
20160523,23.3,0,43,44355,47000,32697
20160524,16.8,38.5,82.6,18870,47000,32697
20160525,19.7,0,67.9,38250,47000,32697
20160526,19.4,0,72,9405,47000,32697
20160527,20.9,0,61.3,22470,47000,32697
20160528,21.7,0,56.1,6255,47000,32697
20160529,21.5,0,56.1,0,47000,32697
20160530,22.1,0,57.3,43305,47000,32697
20160531,21.6,0,63.6,50175,47000,32335
20160601,23.3,0,45.8,45945,48000,32335
20160602,23.2,0,38.3,51525,48000,31766
20160603,22.2,0,48.1,61575,48000,31766
20160604,21.2,0,51.8,7755,48000,31766
20160605,24.7,0,47.3,0,48000,31766
20160606,23.3,0,49.1,59056,48000,31766
20160607,21.7,0.1,69.5,34200,48000,31766
20160608,22.1,0,65.9,29820,48000,31766
20160609,24.1,0,59.5,15600,48000,32093
20160610,24.6,0,60.9,34665,48000,32093
20160611,23.5,3,74.3,2430,48000,32093
20160612,23.5,1.5,79.4,0,48000,32093
20160613,23.5,0,70.5,61628,48000,32093
20160614,23.8,0,62.5,24420,48000,32093
20160615,20.9,15.5,81.8,68618,50000,32927
20160616,20.9,0,73.5,32655,50000,32927
20160617,23.8,0,63.1,76628,50000,32927
20160618,24.5,0,58,10455,50000,32927
20160619,24.1,0,64.5,0,50000,32927
20160620,24.7,0,66,72023,50000,32927
20160621,26,0,60.1,29085,50000,32927
20160622,24.3,30.5,75.1,27660,50000,32927
20160623,24.7,0.1,71,29580,50000,32927
20160624,23.1,3.5,75.8,44565,50000,32927
20160625,22.8,0,63.1,17535,50000,32927
20160626,24.4,0,58.4,0,50000,32927
20160627,24.4,0,55.5,53465,50000,32927
20160628,24.7,0,61.1,0,50000,33210
20160629,25.3,0,58,31215,50000,33210
20160630,24.6,0.2,78.1,116610,50000,33377
20160701,24,108.5,86.5,62550,50000,33543
20160702,23.5,4,81.4,3300,50000,33543
20160703,23.5,0,70.4,0,50000,33543
20160704,21.8,29.5,85.1,115620,50000,34043
20160705,23.1,100.5,93.6,48540,50000,34043
20160706,22.9,0,74,55590,50000,34043
20160707,24,0,71.6,98610,50000,34043
20160708,27.3,0,66.5,0,53000,34043
20160709,27.7,0,64.8,4200,53000,34043
20160710,27.9,0,64.4,0,53000,34043
20160711,28.4,0,67.4,7290,55000,34043
20160712,26.3,3,65.5,51600,55000,34377
20160713,26.3,0,69,34110,55000,34377
20160714,27.5,0.1,66.9,22755,55000,34377
20160715,26.2,1.5,60,45150,55000,34377
20160716,20.8,46.5,92.8,0,55000,34377
20160717,21.7,2.5,82.9,0,55000,34377
20160718,24.4,0.2,75.1,0,55000,34377
20160719,27.1,0,65.5,31722,57000,34377
20160720,28.6,0,62.5,20116,57000,34377
20160721,28.3,0,61.3,4800,59000,34043
20160722,29.1,0,64,2565,59000,34210
20160723,28.7,0.5,70.4,1230,59000,34210
20160724,28,0.5,77.9,0,59000,34210
20160725,28.4,0,75.3,44400,60000,34210
20160726,28.4,0,69,0,60000,34210
20160727,27.6,0.5,76.4,20160,60000,34210
20160728,28,0.2,70.6,0,60000,34210
20160729,26.3,59.5,82.3,32190,60000,34210
20160730,28.6,0.5,73.5,34200,60000,34210
20160731,28.9,0.2,72.1,0,60000,34210
20160801,28.4,0,72,0,60000,34210
20160802,27.2,2,72.5,15660,60000,34210
20160803,29.1,0,65.4,12255,60000,34989
20160804,30.7,0,59.6,5880,60000,34989
20160805,31.2,0,60.1,12114,60000,33653
20160806,30.5,0,64.8,1800,60000,33653
20160807,30.6,0,56,0,60000,33653
20160808,30.5,0,63.1,27690,60000,33653
20160809,29.3,1,68.3,2775,60000,33184
20160810,29.4,0,66.3,0,60000,33184
20160811,30.5,0,64.1,2130,60000,33184
20160812,30.4,0,68.3,0,60000,33184
20160813,30.2,0,67.9,1440,60000,33184
20160814,28.9,0.2,74,0,60000,33184
20160815,29.1,0,65.5,2160,60000,33184
20160816,29.3,0.5,64.9,7875,60000,33184
20160817,29.9,0,60.4,0,60000,32784
20160818,29.9,0,61.9,0,60000,32784
20160819,28.9,11.5,69.5,0,60000,31065
20160820,30.1,0,59,0,60000,31065
20160821,30.7,0,57.5,0,60000,31065
20160822,30.7,0.4,58,330,60000,31065
20160823,28.3,8,68.8,300,60000,31065
20160824,29.1,0,59.1,1095,60000,31320
20160825,27.1,4.5,70.4,2325,60000,27150
20160826,23,20,57,5078,60000,27150
20160827,23.4,0,43.3,7471,60000,27150
20160828,21,1.5,62.5,0,60000,27150
20160829,22.2,0,54.5,105211,60000,27150
20160830,20.6,0,60.4,224965,60000,25000
20160831,17.7,17.5,85.3,275094,60000,25000
20160901,23.2,0,71.3,471911,60000,25000
20160902,24.2,4.5,68.5,590643,60000,28300
20160903,23.9,0.5,73.8,654100,60000,28300
20160904,25.6,0,71.3,0,60000,28300
20160905,26.4,0,66.1,1012570,60000,28300
20160906,24.7,0,69,835355,60000,31087
20160907,24.3,0,69.8,912133,60000,31087
20160908,23,4.5,76.4,877285,60000,31252
20160909,23.9,0,71.1,940275,60000,29852
20160910,24.4,0,65.4,857226,60000,29852
20160911,24.5,0,66.3,0,60000,29852
20160912,23.4,2.5,68.9,817025,60000,30252
20160913,24.6,0,62.5,379175,55000,30252
20160914,24.6,0,66.1,4674,55000,30252
20160915,23.9,0,68.1,0,55000,30252
20160916,24.6,0,64.9,0,55000,30252
20160917,23.1,7,64.8,0,55000,30252
20160918,23.5,0,53.4,0,55000,30252
20160919,21.9,0,53.3,23988,55000,30252
20160920,20.6,0,41.1,11473,55000,30252
20160921,20.2,0,43.4,15730,55000,30760
20160922,21.9,0,46.3,37658,55000,30760
20160923,21.4,0,57.9,36604,55000,30427
20160924,22.3,0,60.6,28275,55000,30427
20160925,23,0,57.6,0,55000,30427
20160926,23.6,0,59.1,106268,52000,30427
20160927,21,13.5,82.5,92288,52000,30427
20160928,19.9,0.5,84.6,58224,52000,30427
20160929,20.4,0,64.4,74196,52000,30427
20160930,20.5,0,66.9,154302,50000,30427
20161001,21.1,0,69,38625,50000,30427
20161002,19,18.5,84.1,0,50000,30427
20161003,22.7,6.5,73.3,32656,50000,30427
20161004,22,0,58.9,0,50000,30605
20161005,21.1,0,61.9,64126,50000,30605
20161006,18,0,59.3,73450,47000,30605
20161007,19.7,2,67.8,94038,45000,30605
20161008,16.8,6,66.4,60924,45000,30605
20161009,11.3,0,46.3,0,45000,30605
20161010,14,0,43.3,150560,45000,30192
20161011,15.4,0,62.4,1080,45000,30192
20161012,15.5,0,57,119445,45000,30192
20161013,15.2,0,44.1,98670,48000,30993
20161014,16.7,0,61.8,85709,44000,30993
20161015,19.1,0,60.6,97988,44000,30993
20161016,17.2,1.5,74.1,0,44000,30993
20161017,17.5,0,76.1,174939,44000,30993
20161018,17,0,70.9,0,44000,30993
20161019,18,0,67.6,144176,44000,30993
20161020,18.6,0,61.3,124012,44000,30993
20161021,17.9,0,58.6,0,44000,30993
20161022,18.3,0,59,86260,44000,30993
20161023,13.3,2.5,66.3,0,44000,30993
20161024,15.1,0,54.8,148308,42000,30993
20161025,14.1,37,84,126132,42000,30993
20161026,13.3,0,81,0,42000,30993
20161027,14.6,0,65.4,109123,42000,31280
20161028,14.6,0.3,61.8,0,42000,31280
20161029,7.8,0,40.3,0,42000,31280
20161030,7.9,0,31.9,0,42000,31280
20161031,5.7,0.5,59.9,97632,42000,31280
20161101,1.5,0,43.6,131313,42000,31280
20161102,4.1,0.1,53.1,0,42000,31280
20161103,9.1,0.2,62.8,0,42000,31280
20161104,12.3,0,67,123369,42000,31845
20161105,15,0,77.4,66461,42000,31845
20161106,14,0,59.4,0,42000,31845
20161107,12.8,5.5,71.3,162436,42000,31845
20161108,4.1,0.5,58,123678,42000,31845
20161109,2.1,0,41.1,118412,42000,31845
20161110,6,0.4,55.5,99691,43000,31845
20161111,9.1,4,63.3,122517,43000,31845
20161112,11.4,0,62.1,67770,43000,31845
20161113,14.4,0.5,74.8,0,43000,31845
20161114,13.2,1.5,78.5,235314,43000,31845
20161115,5.2,0,44.3,140164,43000,31845
20161116,5.2,0,44.3,148063,41000,31845
20161117,9.1,0,56.4,175971,41000,32095
20161118,10.3,0,58.4,156670,41000,32095
20161119,13,0,71.1,72510,41000,32095
20161120,9.8,0,48.6,0,41000,32095
20161121,9.5,0,40.5,204450,41000,32095
20161122,2,0.2,43.3,81770,41000,32095
20161123,-1.8,0,37.5,96791,41000,32095
20161124,-2.5,0,37.8,104640,41000,32095
20161125,1,0,43.9,95810,42000,32095
20161126,0.9,2.8,69.6,43342,42000,32095
20161127,3.3,0,81.3,0,42000,32095
20161128,1.4,0,57.9,119742,42000,32095
20161129,1.7,0,40.8,89030,42000,32095
20161130,6,1,59.8,157373,42000,32095
20161201,4.1,0,47.6,103227,42000,31280
20161202,1.6,0,48.4,139095,42000,31280
20161203,4.5,0,58.8,32420,42000,31280
20161204,5.5,0,60.1,0,42000,31280
20161205,5.9,1.5,69.1,165987,42000,31280
20161206,-1.1,0,38.5,105910,40000,31280
20161207,1.7,0,58.3,109191,40000,31280
20161208,2.1,3,70,74498,42000,31280
20161209,1.4,3,65.8,127617,42000,31280
20161210,-1.6,0,47.6,19331,42000,31280
20161211,-1.1,0,42.6,0,42000,31280
20161212,2.3,0,37.9,126338,45000,31280
20161213,3.4,0,53.6,76299,45000,31280
20161214,-1.4,0.1,68.1,77429,45000,31280
20161215,-5,0,41.8,50476,45000,31280
20161216,-4.7,0,40.3,79908,45000,31280
20161217,2.7,0,60.1,29190,45000,31280
20161218,4.9,0,68.8,0,45000,31280
20161219,7.2,0.1,66,127355,45000,31280
20161220,7.6,0,71.3,96143,45000,31280
20161221,7.9,29,75.5,0,45000,31280
20161222,5.5,23.5,90.3,78115,45000,31280
20161223,-2.5,0.1,71.1,135822,45000,31280
20161224,-2.4,0,66,0,45000,31280
20161225,1,0,69.5,0,45000,31280
20161226,2.5,0,73.8,131045,45000,31280
20161227,-2.3,0.5,54.6,59640,45000,31280
20161228,-3.7,0,49,5985,45000,31280
20161229,-4.2,0.3,53.1,0,45000,31280
20161230,-3.9,0,50.9,300928,45000,31280
20161231,0.7,0,65.4,5805,45000,31280
20170101,2.7,0,75.9,0,45000,31280
20170102,5,0.3,77.8,0,45000,31280
20170103,2,0,61.8,161557,45000,31280
20170104,3.9,0,55,38400,45000,31280
20170105,3.8,0,52.3,98116,45000,31280
20170106,5.4,0,58.5,129467,45000,31280
20170107,4.6,0,64.9,57070,45000,31280
20170108,6.5,0,61.4,0,45000,31280
20170109,1.5,0,60.8,87397,45000,31280
20170110,-3.7,0,45.1,20205,45000,31280
20170111,-3.8,0,36.4,290606,45000,31280
20170112,-2.2,0,43.1,348140,45000,31280
20170113,-6,0.6,47.4,345228,45000,31280
20170114,-8.4,0,33.3,304761,45000,31280
20170115,-6.6,0,35.3,0,45000,31280
20170116,-3.8,0,37.6,106823,45000,31280
20170117,-2,0,46.6,319025,45000,31280
20170118,-0.5,0,68.9,512783,45000,31280
20170119,-1.2,0,55.4,605977,45000,29374
20170120,-4.4,4,70.3,556684,45000,29374
20170121,-5.2,2.1,78.1,0,45000,29374
20170122,-8.3,0,51.3,0,45000,29374
20170123,-8.9,0,48.4,195337,45000,28899
20170124,-7,0,49.6,0,47000,28899
20170125,-5.2,0,50.6,24920,47000,28986
20170126,-1.3,0.3,64.4,51625,47000,28986
20170127,-2.6,3,47.3,15411,47000,28986
20170128,-1.6,0,38,0,47000,28986
20170129,0.8,4.5,71.1,0,47000,28986
20170130,-4.8,0.1,61.4,0,47000,28986
20170131,-5.4,0,44.8,0,47000,29260
20170201,-4,0,44.5,12975,47000,29679
20170202,-2.7,0,52.9,14108,47000,30350
20170203,1.5,0,65.4,0,47000,30729
20170204,0.9,0,69.4,0,47000,30729
20170205,1.2,0.5,75.3,0,47000,30263
20170206,-1.7,0,51,177484,47000,30263
20170207,-2,0,45.4,14865,47000,30263
20170208,-2.2,0,50.1,79028,47000,30263
20170209,-5.3,0,47,72708,47000,30263
20170210,-6.6,0,44.3,60870,47000,29429
20170211,-4.8,0,45.4,11273,47000,29429
20170212,-2.2,0,51.3,0,47000,29429
20170213,0.1,0,59.6,5325,45000,28919
20170214,0.3,0,46,16658,45000,29429
20170215,1.8,0,52.1,50175,45000,29429
20170216,5.5,0,63.9,44513,45000,29429
20170217,0.8,4,56.9,40650,45000,29429
20170218,-2.6,0,49.4,18815,45000,29429
20170219,2.3,1,68,0,45000,29429
20170220,-1.5,0.5,53.8,97165,45000,29429
20170221,-0.6,0,37.1,18150,45000,29429
20170222,1.7,5.1,70.8,14115,45000,29429
20170223,-1.5,0,56.4,48711,45000,29376
20170224,-0.8,0,51.3,64775,43000,29376
20170225,2.6,0,63.6,14715,43000,29376
20170226,3.6,0,52.8,0,43000,29376
20170227,3.7,0,37.4,10815,43000,30614
20170228,5.6,0,41.5,10030,43000,30614
20170301,5,5,65,40085,45000,30614
20170302,1.8,0.5,59.5,79272,45000,31566
20170303,3.3,0,54.4,104670,45000,31566
20170304,5.7,0,60,25120,45000,31566
20170305,5.2,0.5,71.6,0,45000,31566
20170306,0.1,0,41.3,45482,47000,31566
20170307,-1.3,0,37.5,22382,47000,31566
20170308,-0.1,0,50.6,48811,47000,31566
20170309,3.2,0,47.3,56010,47000,32517
20170310,4.8,0,37.4,57160,47000,32517
20170311,7.3,0,37.4,14775,47000,32517
20170312,8.2,0,58.4,0,47000,32517
20170313,6.9,0,49.8,32372,49000,32517
20170314,5.8,0,37.5,13695,49000,32517
20170315,6.3,0,34.9,45630,49000,32517
20170316,6.2,0,41.8,45645,47000,32517
20170317,7.7,0,43.1,21600,47000,32517
20170318,9.5,0,34.1,0,47000,32517
20170319,10.9,0,36,0,47000,32517
20170320,10.2,0,40.4,41490,47000,32517
20170321,7.4,0,48.1,8685,47000,32517
20170322,7.6,0,32.8,49665,47000,32517
20170323,9.1,0,34,45710,47000,32517
20170324,8.7,0,41.4,47580,47000,32517
20170325,8.1,0,41.1,10690,47000,32517
20170326,7.3,0,53.1,0,47000,32517
20170327,6.1,0.4,67.4,35010,47000,32517
20170328,7.1,0,59.8,3645,47000,32517
20170329,8.8,0,54.9,94420,47000,32746
20170330,10.6,0,50,32565,47000,32889
20170331,8.6,1.5,70.6,111915,47000,32889
20170401,9,1,60.5,7845,47000,32889
20170402,9,0,53.1,0,47000,32889
20170403,11.4,0,45.6,29160,49000,32889
20170404,14.1,0,35.3,14055,49000,32889
20170405,12,37.5,66,27550,50000,32889
20170406,10.4,3,90,0,50000,32889
20170407,14.5,0,68.1,56795,50000,32889
20170408,13,0.5,74.5,7155,50000,32889
20170409,14.8,0.5,59.6,0,50000,32889
20170410,16.5,0,25.8,85755,50000,34037
20170411,15.3,0,36.8,8130,50000,33697
20170412,11.5,0,21.8,110650,50000,33469
20170413,12.7,0,54,72780,50000,33469
20170414,13,6,57.9,141570,50000,33469
20170415,16.8,0,59.4,25575,50000,33469
20170416,18.7,0,52.9,0,50000,33469
20170417,14.7,5.5,66.5,12570,50000,33469
20170418,11.7,7.5,76.5,26640,50000,33469
20170419,12.6,0,43.1,43350,50000,33469
20170420,12.9,0.1,45.4,11430,50000,33469
20170421,13.1,0,56.5,79240,50000,33469
20170422,14.8,0,48.4,14340,50000,33469
20170423,14.9,0,40,0,50000,33469
20170424,15.1,0,39.4,57285,48000,33469
20170425,16,0,56.8,92240,48000,33469
20170426,15.1,0,36,139995,48000,33946
20170427,13.6,0,41.8,122200,48000,33946
20170428,14.4,0,57.3,193496,48000,33946
20170429,17.1,0,44.3,20355,48000,33946
20170430,19.3,0,57.9,0,48000,33946
20170501,20.1,0,50.8,115800,48000,33946
20170502,20.7,0,42,23010,48000,33946
20170503,21.5,0,34.1,11280,48000,33946
20170504,21,0,43.6,53940,48000,33946
20170505,20.9,0,53.4,46710,48000,33946
20170506,14.9,0,32,4080,48000,33946
20170507,16.6,0,42.6,0,48000,33946
20170508,17.9,0,43.6,60795,48000,34421
20170509,17.1,2.5,62.6,19980,48000,34421
20170510,16.4,2.5,73,56205,48000,34421
20170511,19.3,0,65.3,74020,48000,34421
20170512,19.1,0,71.6,50692,48000,34421
20170513,16.4,6,77.8,6642,48000,34421
20170514,15.7,0,58.3,0,48000,34421
20170515,16,0,61.4,100920,48000,34421
20170516,17.1,0,60.5,19515,48000,34421
20170517,18.6,0,51.5,12203,48000,34421
20170518,20.4,0,41.9,27885,48000,34850
20170519,21.1,0,42.6,18225,48000,34850
20170520,20.9,0,44,0,48000,34850
20170521,21.5,0,48.1,0,48000,34850
20170522,21.8,0,53.6,25455,48000,34850
20170523,20,5,68,8374,48000,34850
20170524,21.8,0.1,60.4,16335,48000,34850
20170525,19.2,0,45.6,39885,48000,34850
20170526,17.7,0,41.5,33156,48000,34850
20170527,19.5,0,46.1,3066,48000,34850
20170528,21.2,0,50.6,0,48000,34850
20170529,22.9,0,61.8,11340,48000,35564
20170530,23.6,0,43.5,22020,48000,35564
20170531,23.3,0,49.1,18645,48000,35564
20170601,23.3,0,51.8,0,53000,35564
20170602,20.5,0,37.4,0,53000,35564
20170603,20.5,0,44,0,53000,35564
20170604,21.7,0,36.9,0,53000,35564
20170605,24.2,0,33.3,32295,53000,35564
20170606,19.4,15.5,60,11266,53000,35564
20170607,17.6,12.5,91.4,38084,53000,35564
20170608,20.1,0,67.3,43845,53000,35793
20170609,21.2,0.1,69.8,33810,57000,36264
20170610,21.5,4.5,46.8,4140,57000,36264
20170611,22.8,0,33.8,0,57000,36264
20170612,22.1,0,45.5,29265,60000,36079
20170613,21.5,0,63,3345,60000,38221
20170614,21.8,0,63,29316,60000,38221
20170615,23.1,0,62.4,24135,60000,39176
20170616,25.5,0,55.8,29235,60000,39890
20170617,24.2,0,52.3,7440,60000,39890
20170618,24.3,0,52,0,60000,39890
20170619,24.8,0,50.9,14985,60000,39890
20170620,26,0,43.4,11220,60000,39890
20170621,25.4,0,52.6,8496,63000,41090
20170622,25.3,0,57.3,39525,63000,41523
20170623,26.7,0,53,36567,63000,41904
20170624,24.5,3.5,60.4,3330,63000,41904
20170625,23.8,1.5,75.4,0,63000,41904
20170626,23.1,29,76.9,12810,63000,41904
20170627,25.2,0,67.5,2370,63000,41904
20170628,26,0,63.5,25155,63000,41904
20170629,26.2,0,64.8,13050,63000,41904
20170630,25.9,0,65.9,95209,63000,41904
20170701,25.3,0.5,73.6,1485,63000,41904
20170702,24.3,92,90.5,0,63000,41904
20170703,24.7,67.5,87.6,7815,63000,41904
20170704,26.7,0.5,74.5,28116,63000,41904
20170705,27.4,0,66.9,19395,63000,41904
20170706,27.6,34,72.3,23376,63000,41904
20170707,26.4,16.5,80.8,28920,60000,41904
20170708,26,4.5,83.3,3360,60000,41904
20170709,26.3,32.5,88,0,60000,41904
20170710,24,144.5,96.5,15870,60000,41904
20170711,26,1,81.4,31386,60000,41904
20170712,27.1,0,75.9,24966,60000,41904
20170713,27.6,0,71,25195,60000,41904
20170714,28.7,0,68.4,23490,60000,41904
20170715,25,42.5,89,7695,60000,41904
20170716,26.2,22.5,83.4,0,60000,41904
20170717,26.8,7.5,77.3,14565,60000,41523
20170718,26.5,2.5,80.6,2475,60000,41523
20170719,28.3,0,71.4,13159,60000,41523
20170720,29.9,0,66.1,20739,60000,41523
20170721,29.8,0,73.1,33295,60000,41523
20170722,29.3,0.5,75.8,3750,60000,41523
20170723,27,133.5,89.5,0,60000,41523
20170724,26.2,3,82.3,17660,60000,41523
20170725,29.4,0,64.1,8811,60000,41523
20170726,28.7,0,55.6,27885,60000,41523
20170727,27.1,3.5,62.5,13395,60000,39266
20170728,25.5,8.5,92.1,24960,62000,39266
20170729,27.2,0,72.3,1875,62000,39266
20170730,27.9,0,64.4,0,62000,39266
20170731,25.7,3.5,82.3,23385,62000,39532
20170801,28.6,2,73,4851,62000,39532
20170802,30,0,71.9,9630,62000,39532
20170803,30.2,0,60.6,14385,62000,39532
20170804,30.3,0,60.1,4935,62000,39532
20170805,31.4,0,63,0,62000,39532
20170806,29.8,5,71.9,0,62000,39532
20170807,29.2,0,68.1,1980,62000,39532
20170808,28.2,0,67.1,0,62000,39532
20170809,27.6,2.5,66.4,3060,62000,39532
20170810,24.8,5.5,89.9,10596,62000,39532
20170811,27,0.5,72.5,6375,62000,39532
20170812,27.8,0,60.3,765,62000,39532
20170813,26.3,0,62.1,0,62000,39532
20170814,24.6,1.5,67.5,0,62000,39532
20170815,21.9,93.5,93.8,0,62000,39532
20170816,23.3,2,80.5,240,62000,39532
20170817,24.8,0.5,77.1,2115,62000,38798
20170818,26.3,0,75.6,2550,62000,38798
20170819,26.1,0,75.8,1170,62000,38798
20170820,23.2,124.5,95.6,0,62000,38798
20170821,25.8,5,81.5,0,62000,42500
20170822,27.3,0,70.6,150,62000,42500
20170823,27.2,31.5,84.1,0,62000,42500
20170824,26.5,14,85.3,0,62000,40000
20170825,25.3,0,61.9,600,62000,27458
20170826,24.2,0,54.5,0,62000,27458
20170827,22.7,0,62,0,62000,27458
20170828,21.5,9,73.1,0,62000,27458
20170829,19.5,0,51.4,0,62000,26608
20170830,19.8,0,55.8,16,62000,28552
20170831,22.2,0,62.4,0,62000,28552
20170901,23.3,0,56,2130,62000,28552
20170902,23.8,0,59,1665,62000,28552
20170903,23.7,0,64,0,62000,28552
20170904,24.6,0,53.8,975,62000,28552
20170905,21.9,0,62.4,0,62000,28552
20170906,20.6,2,75.5,2115,62000,28552
20170907,22.4,0,73.3,7835,62000,28552
20170908,24.3,0,67.5,40170,62000,28552
20170909,23.8,0,70.1,44760,62000,28552
20170910,23,0.5,74.3,0,62000,28552
20170911,21.2,24,79.8,21550,62000,28552
20170912,22.1,0,58.6,103893,62000,28552
20170913,21.4,0,49.3,156789,50000,28552
20170914,22.4,0,48.8,208390,47000,28552
20170915,22.6,0,48.4,562778,47000,28552
20170916,22,0,50.9,244472,47000,28552
20170917,23.1,0,51.3,0,45000,28552
20170918,21.9,0,62.8,122400,45000,28552
20170919,22.6,8,79.1,527799,43000,29846
20170920,19.5,0,48.9,408197,43000,29846
20170921,20.3,0,57.3,1082233,43000,29846
20170922,20.6,0,60.8,797700,45000,29846
20170923,21.8,0,69.8,687574,45000,29846
20170924,22.4,0,71.5,0,45000,29846
20170925,23.4,0,58,147297,45000,29846
20170926,25.1,0,57,113827,45000,29846
20170927,22.7,0.5,66.4,40035,45000,29846
20170928,19.2,0,49.1,515703,45000,29846
20170929,17.4,0,39.3,618168,45000,29846
20170930,20,0,64.9,270465,45000,29846
20171001,18.2,4,74.8,0,45000,29846
20171002,22,1.5,62.3,403466,45000,29846
20171003,17.6,0,49.8,13310,45000,29846
20171004,16.7,0,48.5,0,45000,29846
20171005,18.7,0,56.4,0,45000,29846
20171006,18.9,0.5,66.4,0,45000,29846
20171007,21.9,0,67.6,9300,45000,29846
20171008,23,0,66.9,0,45000,29846
20171009,22.5,0,66,13478,45000,29846
20171010,21.4,0.4,76.9,14811,45000,29838
20171011,15.5,20,77.1,3511,42000,29838
20171012,11.4,0,71,41370,42000,29846
20171013,12.8,0,51,166778,42000,29846
20171014,14.4,0,42.8,49845,42000,29846
20171015,15.8,0,42.5,0,42000,29846
20171016,16.6,0,47.6,0,40000,29846
20171017,16.2,0,47.1,69575,40000,29846
20171018,16.5,0.1,58.8,26730,40000,29846
20171019,17,0,58.3,121685,40000,31033
20171020,17,0,58.6,107944,40000,30617
20171021,17.6,0,52.8,62800,40000,30617
20171022,16.3,0,50.4,0,40000,30617
20171023,13.7,0,47,33195,40000,30617
20171024,14.4,0,54.3,13920,40000,30617
20171025,14.4,0,59,56365,40000,30617
20171026,14.5,0,56.5,92964,37000,30617
20171027,16.9,0,54.4,105196,37000,30617
20171028,17.2,0,51.9,56202,37000,30617
20171029,11.5,0,45.6,0,37000,30617
20171030,7.7,0,27.4,26520,37000,30617
20171031,10.4,0,54.3,0,40000,28740
20171101,14.4,0,72.4,52999,37000,28740
20171102,15.5,1,78.8,18395,35000,28740
20171103,12.3,1.5,66,94788,35000,28740
20171104,7.8,0,47.9,38576,35000,28740
20171105,8.4,0,52.5,0,35000,28740
20171106,11.4,0,64.5,137765,35000,27800
20171107,14.4,0,61.4,102121,35000,27800
20171108,13.1,0,53.3,103697,35000,27800
20171109,9.4,0,39.6,92447,35000,25612
20171110,9.8,7.5,56.3,132717,35000,25305
20171111,5.9,0,42.9,39437,35000,25305
20171112,5.3,0,57.1,0,35000,25305
20171113,8.4,4.5,64.4,90195,37000,25305
20171114,7.5,0,42.5,32825,35000,25305
20171115,3.2,0,38.3,43316,35000,25305
20171116,1,0,30.3,38163,35000,25305
20171117,3,0,39.4,138515,35000,25305
20171118,-2.1,0,38.5,34250,35000,25305
20171119,-1.6,0,37.8,0,35000,25305
20171120,-0.4,0,55.3,32445,35000,25305
20171121,1.3,0,55.6,50055,35000,25305
20171122,4.3,0.5,54.8,91762,35000,25305
20171123,0.9,1.2,49.3,115195,35000,25305
20171124,-0.4,0,62.5,135293,35000,25305
20171125,3,24,77.6,66870,35000,25305
20171126,3.3,0,71.6,0,35000,25305
20171127,2.5,0,53,58095,35000,25305
20171128,6.4,0.5,64.1,60096,35000,24404
20171129,3.2,0,48.3,87406,35000,24404
20171130,-2.4,0,26.8,34940,35000,26333
20171201,-2.2,0,49.4,120952,35000,26333
20171202,1.9,0,59.9,47158,35000,26333
20171203,4.9,4,83.1,0,35000,26333
20171204,-1.2,0.1,48.1,54555,35000,26333
20171205,-4.2,0.1,40.1,73155,35000,26333
20171206,0.2,1.2,72.6,67562,35000,26333
20171207,0.7,0,64.5,63865,35000,27000
20171208,-3.8,0,41.3,94031,35000,27000
20171209,-0.5,0,46.1,23972,35000,27000
20171210,1.1,4.1,67.9,0,35000,27000
20171211,-7,0,40.5,40035,35000,27000
20171212,-9.4,0,41.9,8040,35000,27000
20171213,-8.7,0,42,124395,35000,27000
20171214,-6.6,0,42.9,167148,35000,27000
20171215,-3,0,52.6,85747,35000,27000
20171216,-5.7,0,43.1,108283,35000,27000
20171217,-6.7,0,38.1,0,35000,27000
20171218,-1.6,3.4,80,156858,35000,27000
20171219,-3.9,0,49.4,198299,35000,27000
20171220,-3.9,0.2,68,72489,35000,27000
20171221,-0.9,0,71.4,105296,35000,27000
20171222,3.4,0,66.6,89623,35000,27000
20171223,6.1,0,75.8,24895,35000,27000
20171224,2.9,20,82,0,35000,27000
20171225,-2.1,0,43.1,11445,35000,27000
20171226,-3.8,0,41.8,71929,35000,27000
20171227,-6.9,0,31.4,62597,35000,27000
20171228,-2.1,0,47,67340,35000,27433
20171229,2.1,0,67,262547,35000,27433
20171230,1.4,0.7,79.5,25851,35000,27433
20171231,-0.3,1,54.4,0,35000,27433
20180101,-1.3,0,39.1,0,35000,27433
20180102,-1.8,0,42,0,35000,27433
20180103,-4.7,0,42.3,155605,37000,27433
20180104,-4.7,0,43,46421,38000,27433
20180105,-3,0,48.4,63668,38000,27433
20180106,-2.8,0,45.8,29135,38000,27433
20180107,-0.8,0,42.1,0,38000,27433
20180108,1.3,0.9,51.9,77520,38000,27454
20180109,-4.2,0.5,59.4,0,38000,27454
20180110,-7.5,0.3,52,24585,38000,27454
20180111,-11.1,0,49.8,10050,40000,27433
20180112,-10.2,0,35.4,52664,40000,27433
20180113,-4.4,0.4,67.3,21745,40000,27433
20180114,0.6,0,64.1,0,40000,27433
20180115,4.7,0.2,63.9,7620,40000,27433
20180116,3.5,0,59.1,43890,40000,27433
20180117,4.5,0,64.1,142321,40000,27433
20180118,2.1,0,59.6,120541,40000,27433
20180119,1,0,43,130592,40000,26304
20180120,2.2,0,57.6,37490,40000,26304
20180121,0.4,0,36.6,0,40000,26304
20180122,0.2,3.3,56.5,67806,40000,26304
20180123,-11.7,0,42,64590,40000,27433
20180124,-14.2,0,31.6,15090,40000,27623
20180125,-14,0,32.6,4005,40000,27623
20180126,-14.8,0,34.9,57803,40000,27623
20180127,-9.9,0,37.4,8381,40000,27623
20180128,-6.3,0,36,0,40000,27623
20180129,-8.5,0,35,79060,43000,27623
20180130,-5.3,2.9,62,142071,43000,27623
20180131,-2.6,0,54.5,436293,43000,27623
20180201,-4,0,44.1,638915,43000,26658
20180202,-2.4,0,51.1,666497,43000,26658
20180203,-7.3,0.5,47,557352,43000,26658
20180204,-9.5,0,40.9,0,43000,26658
20180205,-9.4,0,37.8,354585,45000,26658
20180206,-10.1,0,36.5,0,45000,26658
20180207,-8,0,39.8,388049,45000,26658
20180208,-4.4,0,43.3,682886,45000,27623
20180209,0.4,0,43.9,643858,43000,27500
20180210,-0.5,0,47.4,580963,43001,27500
20180211,-6.1,0,42.5,0,43002,27500
20180212,-5.8,0,40.8,152602,41000,27325
20180213,-0.8,0,54.5,66949,41000,27325
20180214,3.5,0,51,380511,41000,27325
20180215,-0.7,0,28,1477,41000,27325
20180216,-1.1,0,40.1,0,41000,27325
20180217,-3,0,25.6,0,41000,27325
20180218,-0.4,0,26.9,0,41000,27325
20180219,1.8,0,48.6,132,41000,27341
20180220,0.9,0,41,4000,41000,27550
20180221,-0.9,0,31.5,16223,41000,27550
20180222,1.3,0.4,59,0,41000,27229
20180223,4.2,3.7,81.1,49696,41000,27229
20180224,2.4,0,49.4,7981,41000,27229
20180225,1.9,0,40.6,0,41000,27229
20180226,3.1,0,43.1,12630,41000,27229
20180227,4.2,0,48.8,10110,41000,27229
20180228,4.6,25,73.3,21520,41000,27229
20180301,-0.2,0.5,61.9,50205,41000,27229
20180302,-0.7,0,34,48583,41000,27229
20180303,7.9,0,38.1,6825,39000,27125
20180304,9.8,11.5,89.1,0,39000,27125
20180305,5.5,3.5,67.5,16845,39000,27125
20180306,4.5,0,46.8,23555,39000,27125
20180307,6.4,0.5,54,10620,39000,27125
20180308,4.6,4,76,29297,39000,27125
20180309,4.5,0,63.3,44056,39000,27125
20180310,4.6,0,65.8,15036,39000,27125
20180311,6.4,0,51.3,0,39000,27125
20180312,8,0,45.8,20295,39000,27125
20180313,12.4,0,60.5,12445,39000,27125
20180314,17,0,58.8,20775,39000,27125
20180315,12.4,27,92.1,64402,39000,27125
20180316,7.1,0,46.9,56054,39000,27125
20180317,6.6,0,48,9786,39000,28371
20180318,8.2,0.5,55.9,0,39000,28371
20180319,8,1,64.5,20655,39000,28371
20180320,4.7,0,39.9,9235,39000,28371
20180321,2.1,1,64.1,28700,39000,28371
20180322,4.9,0,61.5,52815,39000,28371
20180323,6.1,0,55.3,58557,39000,28371
20180324,7.6,0,61.9,5253,39000,28371
20180325,9.6,0,65.6,0,39000,28371
20180326,11,0,64.5,20850,39000,28371
20180327,13.3,0,61.1,17256,39000,28371
20180328,14,0,66.4,21706,39000,28371
20180329,15.4,0,66.3,41048,39000,28371
20180330,14.8,0,55.6,87385,39000,28371
20180331,14,0,52.9,7635,39000,28371
20180401,15.6,0,68.8,0,39000,28371
20180402,18.4,0,64,21360,39000,28371
20180403,17.8,0.1,72.9,28695,39000,28371
20180404,13.4,18.5,67,36776,39000,28371
20180405,7.6,10.5,90.6,54148,39000,28371
20180406,5.8,6.5,71.6,71186,39000,28371
20180407,4.2,0.2,45.5,9683,39000,28371
20180408,3.9,3,59.6,0,39000,28371
20180409,7.9,0,57.9,100197,39000,28371
20180410,15.1,5,51,53125,39000,28371
20180411,12.6,0,49.4,43724,39000,28371
20180412,13.3,0,30.5,47700,39000,28667
20180413,14.6,0,22.9,50252,39000,28667
20180414,9,9,78.8,8513,39000,28667
20180415,9.5,0,65.5,0,39000,28667
20180416,11.6,0,41.9,94701,39000,26857
20180417,12.9,0,37.9,37945,39000,26857
20180418,12.4,0,35.4,0,39000,26857
20180419,14,0,38.8,65635,39000,26857
20180420,18.4,0,46,77443,39000,26857
20180421,18.7,0,32,7905,39000,26857
20180422,15.5,15.5,57.4,0,39000,26857
20180423,9.3,59,93.9,26475,39000,26857
20180424,12.1,3,63.3,43859,39000,26857
20180425,14.6,0,37.8,14610,39000,26761
20180426,14.9,0,51.9,71915,39000,26857
20180427,15.7,0,52.9,83253,39000,26857
20180428,15.4,0,49,16305,39000,26857
20180429,16.2,0,43.1,0,39000,26857
20180430,19.2,0,61.6,15096,39000,26857
20180501,20.4,0,72.8,30203,39000,26857
20180502,15.1,12,90.4,31177,39000,26857
20180503,11.2,1,62.4,40835,39000,27290
20180504,14.1,0,45.5,89130,39000,27290
20180505,18.3,0,46.8,4740,39000,27290
20180506,16.6,22,86.4,0,39000,27290
20180507,19.2,0,60.3,31303,39000,27290
20180508,17.5,0,50.9,3690,39000,27290
20180509,15.7,0,50.4,0,39000,26909
20180510,15.4,0,67.4,30435,39000,26909
20180511,16.1,0,59.8,75285,39000,26909
20180512,14.2,32,89.3,6330,39000,26909
20180513,15.8,0.5,82.5,0,39000,26909
20180514,18.2,0,71.4,0,39000,27576
20180515,23.2,0,56.4,12990,39000,27576
20180516,22.3,45,93.8,12930,39000,27576
20180517,20.9,83,97,22650,39000,26837
20180518,16.3,6.5,86.8,78873,39000,26837
20180519,17.6,0,47.5,16335,39000,26837
20180520,17,0,32.1,0,39000,26837
20180521,17.8,0,43.9,33015,39000,26837
20180522,18.1,12.5,75.5,9203,39000,26837
20180523,17.3,6.5,57.1,17869,39000,26837
20180524,18.3,0,47.4,44018,39000,26837
20180525,19.7,0,47.4,40727,39000,26837
20180526,21.8,0,50.1,2235,39000,26837
20180527,20.3,0,47.4,0,39000,26837
20180528,22.3,0,49.8,11670,39000,26837
20180529,21.4,1,69.3,0,39000,26837
20180530,20.2,0,69.8,13204,39000,26837
20180531,20.9,0,58.9,4230,39000,26506
20180601,23.8,0,50.4,53794,39000,26506
20180602,23.4,0,44.5,10665,39000,26506
20180603,24,0,39.4,0,39000,26506
20180604,22.6,0,50.1,44295,39000,24854
20180605,23.7,0,52.5,9918,39000,24854
20180606,23,0,62.9,21756,39000,24854
20180607,22.2,0,69.3,37665,39000,25070
20180608,21.9,0,68,48345,39000,25070
20180609,23.7,0.5,60.6,8271,39000,25070
20180610,21.3,0.5,59.9,0,39000,25070
20180611,20.2,5,67.3,44625,39000,25070
20180612,21.3,0,65.5,23480,39000,25070
20180613,22,0,64,0,39000,25070
20180614,21.6,29,74.9,36190,39000,25664
20180615,21.7,16.5,60.8,43160,39000,25558
20180616,22.5,0,56.4,6420,39000,25558
20180617,22.8,0,66.9,0,39000,25558
20180618,24.8,0,54.9,33750,39000,26837
20180619,22.4,0,61.3,5040,39000,26837
20180620,22.7,0,68.1,40990,39000,26837
20180621,23.7,0,60.1,39321,39000,26837
20180622,25,0,45.1,65692,39000,26837
20180623,24.5,0,50.6,10545,39000,26837
20180624,25.2,0,62.8,0,39000,26837
20180625,27.1,0,57.1,40400,39000,26837
20180626,22.3,71.5,88.3,12240,39000,26837
20180627,22.3,1,81.9,22250,39000,26837
20180628,23.3,26.5,85.1,52009,39000,26837
20180629,24.7,6.5,78.5,57050,39000,26837
20180630,24.4,14.5,83.8,0,39000,26837
20180701,21.9,83.5,94.6,0,39000,26837
20180702,22.6,59.5,95.4,0,39000,26837
20180703,27.4,0.1,74.4,28128,39000,26837
20180704,27.3,0,69.6,49336,39000,26837
20180705,25.3,0.5,72.8,67368,39000,27313
20180706,23.9,0,57.8,54050,39000,27313
20180707,23.7,0,51.4,6540,39000,27313
20180708,23.3,0,51.5,0,39000,27313
20180709,20.8,14,82.3,29655,39000,27313
20180710,23.7,16.5,87.8,38438,39000,27313
20180711,26.8,3,82.9,41090,39000,27313
20180712,26.6,1,82.4,42345,39000,27313
20180713,27.3,0,74.8,64918,39000,27313
20180714,27.9,0,69.6,315,39000,27313
20180715,28.3,0,69.6,0,39000,27313
20180716,28.7,0,64.3,29310,39000,27313
20180717,28.1,0,66.5,5025,39000,27313
20180718,28.2,0,64.8,23715,39000,27313
20180719,28.7,0,64.1,45824,39000,26922
20180720,29.5,0,62.6,0,39000,26922
20180721,30.6,0,53.6,4155,39000,26922
20180722,31.8,0,49.6,0,39000,26922
20180723,31.7,0,53.8,23760,39000,27313
20180724,31.4,0,59.5,19331,39000,27313
20180725,30.1,0,66.3,5340,39000,27313
20180726,30.1,0,68.8,5595,39000,26922
20180727,30.9,0,69.3,34395,39000,26922
20180728,29.5,7.5,77.1,3720,39000,26922
20180729,31.3,0,52.4,0,39000,26922
20180730,31.7,0,50.9,19785,39000,26922
20180731,32.6,0,50.5,7620,39000,26922
20180801,33.6,0,55.5,27950,39000,26922
20180802,33.7,0,54.4,23931,39000,26076
20180803,33.1,0,55.3,26610,39000,26076
20180804,31.1,0,60.6,0,39000,26076
20180805,30,2,71.8,0,39000,26076
20180806,30.5,6.5,71.6,11235,39000,26076
20180807,30.5,0,63.4,6578,39000,25744
20180808,31,0,64.8,6728,39000,26361
20180809,28.8,2,76.3,10965,39000,26361
20180810,30.7,0,60.9,20160,39000,26361
20180811,31,0,55.8,1373,39000,26361
20180812,30.6,5,61.3,0,39000,26361
20180813,30.5,1,68.6,7605,39000,26361
20180814,31.7,0,58.3,1470,39000,26361
20180815,31.7,1,59.5,3390,39000,26361
20180816,29.9,0,51,12815,39000,26551
20180817,27.2,0,39.8,10080,39000,27643
20180818,26.7,0,44.6,840,39000,27643
20180819,28.2,0,50.6,0,39000,27643
20180820,29.1,0,55.6,0,30000,28633
20180821,26.6,5,71.4,470,30000,28633
20180822,30.7,0,54.1,1745,30000,28633
20180823,29.4,3,59.1,1387,30000,30957
20180824,24.4,7.5,86.3,395,30000,30957
20180825,25.2,0,68,0,30000,30957
20180826,23.2,2,70,0,30000,30957
20180827,22.7,19.5,91,30,35000,30957
20180828,23.7,96.5,92.4,1965,37000,26600
20180829,25.2,42,86,2200,37000,26600
20180830,25.3,9.5,80.9,21,37000,26600
20180831,25.6,0.1,67.4,46,37000,26600
20180901,25.5,0,59.4,0,37000,26600
20180902,25.1,0,55.8,0,37000,26600
20180903,23.3,34.5,85.3,1980,37000,26600
20180904,23.2,0,69.4,6273,50000,33083
20180905,24,0,63.5,8312,50000,33047
20180906,24.1,1,69.9,6398,50000,33047
20180907,22,0.5,54.6,52218,40000,32500
20180908,21.7,0,48.8,50215,40000,32500
20180909,22.2,0,49,0,50000,32500
20180910,22.9,0,49.5,99919,50000,32500
20180911,21.6,0,48.1,277641,50000,32500
20180912,22.8,0,52,303863,50000,32500
20180913,23.5,0,63.5,475364,40000,32500
20180914,23.5,0.5,66.9,532495,60000,32500
20180915,23.3,0.2,76,623937,60000,32500
20180916,22.2,2,83.6,0,60000,32500
20180917,22.3,0.1,64.3,238419,60000,32500
20180918,22,0,59.8,114957,50000,32500
20180919,22.1,0.2,59.1,178529,55000,31800
20180920,19,5,82.4,264793,55000,31800
20180921,19.4,18,85.8,459470,50000,31800
20180922,20.8,6.5,62.3,126758,50000,31800
20180923,19.4,0,52.9,0,50000,31800
20180924,17.6,0,48.3,0,50000,31800
20180925,17.8,0,48,0,50000,31800
20180926,19.4,0,47.9,0,50000,33200
20180927,18.9,0,47.6,23269,45000,33200
20180928,17.5,0,58.1,43630,45000,33200
20180929,20.2,0,55.5,39107,45000,33200
20180930,17.6,0,52.5,0,45000,33200
20181001,15.4,0,55.1,38265,45000,33200
20181002,15.9,0,61.4,13860,45000,33200
20181003,17.3,0,58,66300,45000,33200
20181004,19.3,0,56.5,18105,35000,32700
20181005,16.9,36.5,84.1,40818,35000,32700
20181006,18,55.5,84,36285,35000,32700
20181007,16.4,0,53.5,0,35000,32700
20181008,14.8,0,47,32026,40000,33083
20181009,15.3,0,52.5,24951,40000,33083
20181010,12,7,61,42861,35000,33083
20181011,9.7,0,51,21281,35000,32527
20181012,10.9,0,54,53027,40000,32527
20181013,12.5,0,54,54145,40000,32527
20181014,13.2,0,60,0,40000,32527
20181015,15.2,0,69.9,19305,38000,32527
20181016,14.5,0,55.9,32727,40000,32527
20181017,12.4,0,53.3,19350,45000,32527
20181018,12.7,0,59.5,69025,50000,32600
20181019,13.1,0,54.3,50720,52000,32600
20181020,13.4,0,53.9,42745,52000,32600
20181021,13.4,0,49.5,0,52000,32600
20181022,14,0,50,17970,52000,32600
20181023,12.2,5,75.1,21795,50000,32167
20181024,12.5,0,66,21786,50000,32167
20181025,13.8,0,55.5,15075,45000,32167
20181026,12.2,11,74.1,62421,45000,32167
20181027,8.7,0,49.6,38085,45000,32167
20181028,8.3,5.5,77.1,0,45000,32167
20181029,7.2,0,57.3,16135,45000,32167
20181030,6.1,0,51.3,22925,45000,32167
20181031,7.4,0,55.4,28730,45000,32167
20181101,8.4,0,53.4,51740,40000,31843
20181102,10.6,0,54.9,79581,40000,31794
20181103,11.2,0,56,38775,40000,31794
20181104,11.6,0,55,0,40000,31794
20181105,11.9,0,65.5,53640,45000,31794
20181106,12.2,0,70.5,35763,45000,32557
20181107,12.8,2,79.5,43245,45000,32786
20181108,11.8,64,93.8,5355,45000,33920
20181109,12.1,1,69,65865,45000,33920
20181110,11.9,0,69.1,87815,45000,33920
20181111,8.1,0,67.6,0,45000,33920
20181112,8.1,0,52.3,50092,45000,33920
20181113,8.8,0,51.6,29025,45000,33920
20181114,9.8,0,55.5,69799,45000,33920
20181115,9.7,0,55.4,70634,48000,33920
20181116,8.8,0,65.1,93356,48000,33920
20181117,4.9,0,50.8,67525,48000,33920
20181118,6.1,0,48.8,0,48000,33920
20181119,6.5,0,50.4,49410,50000,33920
20181120,6.5,0.2,39.9,67893,50000,33920
20181121,5.8,1,57.1,68760,50000,33920
20181122,2.3,0,35,38491,50000,33920
20181123,1.9,0,29.6,84735,50000,33920
20181124,2.6,10.9,71.1,24207,50000,33920
20181125,4.8,0,77.8,0,50000,33920
20181126,6.3,0,70.1,38070,50000,33920
20181127,7.1,0,65,26025,50000,33920
20181128,5,0,27.1,34710,50000,33920
20181129,3.5,0,41.4,28185,50000,33743
20181130,2.7,0,46.1,100657,50000,33743
20181201,5.5,0,42.3,32210,50000,33743
20181202,8.2,0,50.1,0,50000,33743
20181203,11.5,9.5,87.4,87313,50000,33743
20181204,6.7,5,74.9,23856,50000,33743
20181205,0,0,39.5,70682,50000,33743
20181206,2.4,0,50.5,88683,50000,33743
20181207,-7.3,0,37.1,0,50000,33743
20181208,-8.3,0,37.1,0,50000,33743
20181209,-7.2,0,27,0,50000,33743
20181210,-2.5,0,33.3,79488,50000,33743
20181211,0.2,0,44.8,43876,50000,33743
20181212,-1.9,0,39,54821,50000,33743
20181213,-2.2,1.3,57.4,21270,50000,35171
20181214,-4.4,0,44.3,74616,50000,35171
20181215,-2.4,0,46.8,15750,50000,35171
20181216,0,0.3,63.8,0,50000,35171
20181217,1.6,0.3,60.1,78415,50000,35171
20181218,2.6,0,56.3,32501,50000,35171
20181219,4,0,53.4,105282,50000,35171
20181220,3.4,0,45.5,61992,50000,35690
20181221,5.6,0,40.1,0,50000,35690
20181222,6.9,0,48.9,26040,50000,35690
20181223,2.4,0,43,0,50000,35690
20181224,-2.3,0,35.9,0,55000,35690
20181225,0.6,0,53.4,21466,55000,35690
20181226,-1.5,0,40.8,0,55000,35690
20181227,-10.1,0,28.3,0,50000,35690
20181228,-10.5,0,33,0,55000,35690
20181229,-7.6,0,29,5076,55000,35690
20181230,-6.8,0,35.9,0,55000,35690
20181231,-5.4,0,39.6,4755,50000,35690
20190101,-5,0,49.5,0,50000,35690
20190102,-4.9,0,42.8,0,50000,35690
20190103,-3.5,0,38.8,95700,55000,34739
20190104,-1.1,0,55.5,35381,55000,34739
20190105,-2.8,0,40.3,13477,55000,34739
20190106,-2.8,0,35,0,55000,34739
20190107,-1.9,0,46.4,77193,55000,34739
20190108,-3.5,0,31,44526,55000,34739
20190109,-4.7,0,28.8,12510,55000,34739
20190110,-0.6,0,48.8,19860,55000,34739
20190111,2.4,0,58.8,92912,55000,34739
20190112,2.8,0,47.6,10575,55000,34739
20190113,1.2,0,54.3,0,55000,34739
20190114,1.4,0,68.6,45430,55000,34739
20190115,-1.7,0,58.8,12105,55000,34510
20190116,-5.2,0,45.9,52735,55000,34510
20190117,-0.3,0,45.8,164222,55000,37081
20190118,0.6,0,44,158091,55000,37324
20190119,3.6,0,59.8,98041,55000,37324
20190120,-1.4,0,38.5,0,55000,37324
20190121,-1.2,0,57.8,236351,55000,38039
20190122,1.7,0,62,135626,55000,38039
20190123,2,0,48.9,465024,55000,38039
20190124,0.1,0,34.9,436861,55000,37488
20190125,-1.2,0,27.6,523426,55000,38038
20190126,-2.5,0,30.9,382594,55000,38038
20190127,-0.1,0,52.5,0,55000,38038
20190128,1.2,0,40.4,224897,55000,38038
20190129,-0.2,0,35.5,58306,50000,37504
20190130,1.8,0,54.6,95912,55000,37747
20190131,-2,0,29,128932,55000,39195
20190201,-2.1,0.3,47.6,151439,55000,39195
20190202,1.4,0,60,20046,55000,39195
20190203,3.3,16,92.9,0,55000,39195
20190204,-0.6,0,40.4,1701,55000,39195
20190205,2.8,0,37.1,0,55000,39195
20190206,5.1,0,54.9,0,55000,39195
20190207,-2.1,0.5,45.5,0,55000,40070
20190208,-6.1,0,31.5,16581,50000,39633
20190209,-5.4,0,30,4681,50000,39633
20190210,-5,0,31.3,0,50000,39633
20190211,-3,0,34.9,16538,55000,39580
20190212,-0.6,0,35.5,3990,50000,39580
20190213,-2.1,0,26.6,32895,50000,39580
20190214,-0.5,0,24.3,39832,50000,39584
20190215,-0.8,2.2,72.8,47025,50000,39584
20190216,-2.7,0.2,59,8528,50000,39584
20190217,-1.8,0,47.4,0,50000,39584
20190218,0.9,0,43.5,9600,50000,39584
20190219,1.4,4.6,80.8,21345,50000,39584
20190220,1.7,0,67.8,15605,50000,39584
20190221,2.4,0,59.4,45436,55000,36270
20190222,4,0,56.1,26827,50000,36270
20190223,6.8,0,41,2220,50000,36270
20190224,6.3,0,45,0,50000,36270
20190225,4.7,0,55.8,0,55000,36270
20190226,5.2,0,32.8,3330,50000,36794
20190227,7.8,0,31.3,7740,50000,36794
20190228,6.6,0,39.5,0,55000,36794
20190301,6.6,0,42.3,0,55000,36794
20190302,7.8,0,37.6,0,55000,36794
20190303,9.4,0,36.4,0,55000,36794
20190304,9.9,0,46.1,15885,55000,36794
20190305,8.4,0,66.3,3900,55000,36794
20190306,8.4,0,55,22005,55000,36794
20190307,7,0,51.1,32460,50000,38251
20190308,6.1,0,39.4,42595,55000,38251
20190309,7.2,0,31.8,1485,55000,38251
20190310,10.1,0,26.4,0,55000,38251
20190311,6.6,0,61,55345,55000,38251
20190312,3.9,0,55.1,8931,55000,38251
20190313,3.5,0,38.5,69525,55000,37727
20190314,5,0,45.3,40745,55000,37727
20190315,5.5,3.5,72.8,26445,55000,37727
20190316,4.3,0,69.9,7020,55000,37727
20190317,6.3,0,55.4,0,55000,37727
20190318,7.1,0,43.8,40050,55000,37727
20190319,10,0,52,8235,55000,37727
20190320,10.3,16.5,79,22410,55000,39109
20190321,7.1,3.3,77.4,31335,55000,38584
20190322,3.3,0,40.9,58305,55000,38584
20190323,3.3,1.7,46.9,7606,55000,38584
20190324,4.3,0,45.4,0,55000,38584
20190325,7.3,0,56.1,26205,55000,38584
20190326,11.4,0,51.1,9945,55000,38584
20190327,11.6,0,66.4,16230,55000,38584
20190328,9.4,0,49.9,40365,55000,38303
20190329,9.2,0,33.1,40650,55000,38584
20190330,5.2,1.8,72,7785,55000,38584
20190331,4.4,0,46,0,55000,38584
20190401,5.5,0,39.8,36555,58000,38584
20190402,6.7,0,36.9,13530,55000,38584
20190403,7.6,0,36.1,41633,55000,38960
20190404,9.2,0,43,41340,50000,38584
20190405,11.4,0,41,39565,55000,38584
20190406,9.3,0.8,39.9,1890,55000,38584
20190407,12.6,0,43.1,0,58000,38584
20190408,11.6,0,25.6,7515,58000,38584
20190409,9.2,17.4,49.1,9345,55000,38584
20190410,7.1,5.6,78.4,47094,55000,38584
20190411,9.5,0,58,79698,55000,38870
20190412,11.4,0,48.5,50370,55000,38870
20190413,11.8,0,34,0,55000,38870
20190414,9.6,1.7,45.5,0,55000,38870
20190415,11.6,0,30.9,23610,55000,38870
20190416,14.9,0,26.3,9315,55000,38870
20190417,15.3,0,37.5,22305,55000,38870
20190418,12.6,0,74.4,40680,55000,38870
20190419,13.8,0,57.5,34470,55000,37227
20190420,14.3,1.2,66.9,4220,55000,37227
20190421,14.8,0.3,77.8,0,55000,37227
20190422,19.3,0,50.6,53795,55000,37727
20190423,20.4,0,52,33660,50000,37969
20190424,19.5,4.1,70.4,28200,55000,37969
20190425,13.2,11.3,75.9,66690,55000,38385
20190426,8.4,4.9,82.1,27050,55000,38385
20190427,11.6,0,52.6,20085,55000,38385
20190428,12.9,0,48.8,0,55000,38385
20190429,13,0,52.9,16320,55000,38385
20190430,15.5,0,52.8,19175,55000,38385
20190501,16.4,0,48.9,58905,55000,38385
20190502,17.1,0,28.5,56580,55000,38203
20190503,17.9,0,37.5,57270,55000,38203
20190504,19.5,0,40.4,7625,55000,38203
20190505,19.2,0,35.8,0,55000,38203
20190506,14.5,0,27.1,7065,55000,38203
20190507,15,0,33.4,6435,55000,38820
20190508,15.6,0,48.3,22350,55000,38820
20190509,16.6,0,43.3,37785,55000,38820
20190510,17.8,0,48,42330,55000,38820
20190511,20.3,0,39,10815,55000,38820
20190512,21.6,0,36,0,55000,38820
20190513,18.7,0,43.4,34680,55000,38820
20190514,19.6,0,44.5,22350,55000,38820
20190515,20.7,0,48.1,7605,55000,38820
20190516,23.5,0,43.8,2445,55000,38820
20190517,23.6,0,44.9,22335,55000,38820
20190518,22.8,0,46.8,135,55000,38820
20190519,19.4,22,93,0,55000,38820
20190520,16.4,8.7,63.6,53475,55000,38820
20190521,17.2,0,52,13830,55000,38820
20190522,19.5,0,46,24570,55000,38820
20190523,22.1,0,45,25380,55000,38820
20190524,24.2,0,46.4,38670,55000,38820
20190525,23.4,0,45.6,2010,55000,38820
20190526,24.5,0,39,0,55000,38820
20190527,17.8,7.1,80.9,3840,55000,38820
20190528,18.1,0,45.9,25965,55000,39370
20190529,20.3,0,48.4,9600,55000,39370
20190530,19.6,0,48,9645,55000,39370
20190531,19.1,0,49.6,36105,55000,39653
20190601,18.9,0,60.5,0,55000,39653
20190602,21.1,0,42.1,0,55000,39653
20190603,23.1,0,42.9,3600,55000,39654
20190604,22.6,0,56.4,7785,55000,39654
20190605,23,0,63.8,4635,55000,38543
20190606,21.2,7.5,75.9,0,55000,38543
20190607,20,35.3,77.3,20895,58000,38543
20190608,21.9,0,57.5,2010,58000,38543
20190609,21.6,2.5,66.1,0,58000,38543
20190610,18.4,9.5,70.3,10350,58000,38543
20190611,20.5,0,51.1,15990,58000,38543
20190612,21.5,0,57.1,24525,58000,39653
20190613,23,0,51.9,9225,60000,41560
20190614,23,0,54.8,21180,60000,41560
20190615,21.9,2.1,61.5,0,60000,41560
20190616,22,0,55.4,0,60000,41560
20190617,21.7,0,59.1,8010,65000,41322
20190618,20.8,13.8,78.6,0,60000,41605
20190619,21.4,0.2,77.8,9105,65000,41605
20190620,22.7,0,70.6,9660,65000,41605
20190621,22.1,0.2,72.9,27639,65000,41605
20190622,24.2,0,42.3,660,65000,41605
20190623,25,0,40.4,0,65000,41605
20190624,25.2,0,46.9,7605,65000,41605
20190625,25.6,0,49.1,7545,65000,41605
20190626,25.5,0,52.6,0,65000,41605
20190627,25.5,1.4,70.5,13425,65000,41605
20190628,24.7,0,67.3,19440,65000,41605
20190629,23.1,1.5,72,2595,65000,41605
20190630,23.9,0,73.5,0,65000,41605
20190701,23.9,0,64.4,8535,65000,41605
20190702,24.4,0,63.5,1772,65000,41605
20190703,24.1,0,64.6,8025,65000,41605
20190704,25.4,0,59.6,5370,68000,40660
20190705,27.6,0,42.1,31200,70000,40660
20190706,29.7,0,40.9,2295,70000,40660
20190707,26.7,0,43.3,0,70000,40660
20190708,25.1,0,46.6,8400,70000,40660
20190709,25,0,46.4,1530,70000,40660
20190710,22.7,8.5,64.1,7365,70000,41605
20190711,21.9,2.9,76.9,16965,70000,40660
20190712,23.6,0,65.5,21135,70000,40660
20190713,24.9,0,67.3,690,70000,40660
20190714,25.9,0,64.6,0,70000,40660
20190715,23.8,7.7,80,46785,70000,41050
20190716,24.7,6.3,79,1380,70000,43272
20190717,25.6,0.7,73.9,1500,70000,43272
20190718,26.9,0,65,17525,70000,43272
20190719,28.6,0,61.3,27345,70000,43272
20190720,28,1.1,66.9,0,70000,43272
20190721,25.1,6.2,87.1,0,73000,43272
20190722,26.7,0.1,74.6,54330,73000,43272
20190723,28.1,0,70.8,1755,73000,43272
20190724,26.5,1,82.3,3315,65000,43272
20190725,26.3,9.7,90.1,0,70000,43326
20190726,25.1,60,95.3,11505,75000,43326
20190727,28.4,0.6,76.6,0,75000,43326
20190728,26.1,25.6,88.3,0,75000,43326
20190729,27.5,0.5,74.5,10515,80000,43326
20190730,28.1,1.2,75.3,1785,80000,43326
20190731,25.8,62.3,91.1,0,80000,43326
20190801,26.3,26.9,86.4,8220,80000,43326
20190802,28.4,0,74.6,9390,80000,43326
20190803,29.4,3,69,0,80000,43326
20190804,28.3,8.6,75.9,0,80000,43326
20190805,30.5,0,65.5,255,80000,43326
20190806,31.6,0,51.4,0,80000,43326
20190807,26.9,8,78.1,0,80000,43326
20190808,28.9,0,71.4,23100,80000,43326
20190809,29.8,0,69,720,80000,43326
20190810,31.5,0,57.9,1140,80000,43326
20190811,30.4,6.7,53.6,0,80000,43326
20190812,26.6,56.2,91.8,0,80000,45408
20190813,29.2,6.4,76.9,0,80000,45408
20190814,30.4,0,63.9,0,80000,45408
20190815,25.9,16.2,82,0,80000,45408
20190816,25.9,0.1,74.5,0,80000,45408
20190817,25.9,0,69.5,1980,80000,45408
20190818,25.6,0,66.5,0,80000,45408
20190819,26.3,0,60.6,0,80000,43315
20190820,28.2,0,56.3,0,80000,33270
20190821,27,1.3,67.3,0,80000,31635
20190822,26.9,0,66.5,270,45000,31635
20190823,26.2,0,58.4,1260,45000,31635
20190824,24.1,0,60.9,2055,45000,31635
20190825,25,0,66.6,0,45000,31635
20190826,26.4,0,63.8,32020,50000,31635
20190827,25.7,20,71.1,21400,50000,31635
20190828,26.1,0,66.2,85838,45000,31635
20190829,23.4,36.9,77.1,102667,45000,31635
20190830,22.6,0.2,66.3,258550,45000,31635
20190831,23.5,0,65,242924,45000,31635
20190901,23.7,0,64,0,45000,31635
20190902,24.4,0,56.6,74255,45000,31635
20190903,24.1,0,67.6,75551,45000,35720
20190904,22.8,22.7,89,175521,37000,35720
20190905,23,36.4,91.4,328820,33000,34928
20190906,25.3,2.4,79.8,748863,33000,34928
20190907,25.7,2.8,72.9,574813,33000,34928
20190908,24.7,0,76.9,0,33000,34928
20190909,25.1,0,74.3,0,37000,34928
20190910,23.8,63.2,93.4,197597,50000,28100
20190911,24.3,7.6,71.4,401322,37000,29825
20190912,21,3.9,72.3,6961,37000,29825
20190913,23.3,0.1,60.4,0,37000,29825
20190914,22.4,0.3,80,0,37000,29825
20190915,24.2,0,70.4,0,37000,29825
20190916,24.5,0,53,109371,30000,31229
20190917,23.5,0,41.6,18998,30000,33414
20190918,21,0,46,1215,30000,33650
20190919,19.5,0,46.5,5970,40000,33557
20190920,19.6,0,52.8,56476,32000,33557
20190921,19.6,0,60.3,4635,32000,33557
20190922,18.6,0.4,63.4,0,32000,33557
20190923,20,0,51.1,30072,32000,33557
20190924,19.8,0,61.3,32963,32000,35130
20190925,20.9,0,64.4,25953,32000,35130
20190926,22.9,0,59.3,46799,32000,34918
20190927,22.9,0,57.5,66140,32000,34918
20190928,23.7,0,58.9,40079,32000,34918
20190929,22.6,0,60.6,0,32000,34918
20190930,22.4,0,61,34438,32000,34918
20191001,23.1,0,67.1,30933,32000,34918
20191002,21.6,23.1,88,7275,35000,35667
20191003,22.4,4.6,73.4,32063,35000,35667
20191004,22.4,0,71.5,64680,35000,34474
20191005,18.7,0.6,72.6,46925,35000,34474
20191006,18.1,0,53.4,0,35000,34474
20191007,14.8,25.4,92,40455,35000,34474
20191008,14.7,0,58.8,29973,30000,34474
20191009,13.6,0,48.3,43210,30000,34474
20191010,15.2,0,60.9,47454,35000,34474
20191011,18.8,0,60,45873,37000,34474
20191012,17.9,0,49.3,51333,37000,34474
20191013,17.2,0,52.6,0,37000,34474
20191014,14.4,0,56.9,11970,40000,32574
20191015,14.5,0,55.6,19462,40000,32574
20191016,14.6,0,58.3,48710,38000,32574
20191017,15.4,0,56,47430,35000,32133
20191018,17,0,58.3,86582,37000,32133
20191019,17,0,63.8,73665,37000,32133
20191020,16.5,0,70.3,0,37000,32133
20191021,17.1,0,61,37275,40000,32133
20191022,18.1,0,56.1,11735,40000,32133
20191023,17,0,57.3,59976,37000,31819
20191024,18.3,0,47.6,50297,35000,32690
20191025,16.7,0,58,100264,35000,32690
20191026,10,0,60,43451,35000,32690
20191027,11,0,59,0,35000,32690
20191028,12.9,1.7,65.9,30218,35000,32690
20191029,12.5,0.1,61,26700,35000,32590
20191030,11.2,0,60.3,29379,35000,33007
20191031,14.8,0,73.8,7735,38000,32173
20191101,14.9,0,57.9,102113,45000,32173
20191102,13.6,0,57.3,44194,45000,32173
20191103,14.7,0,57.8,0,45000,32173
20191104,13.8,0,57.8,54460,45000,28868
20191105,12.4,0,65.1,102416,40000,28868
20191106,11,0,63.6,106952,40000,28868
20191107,9.2,0,42.8,3030,40000,31308
20191108,6.8,0,31.4,120865,40000,31308
20191109,9.5,0,41.4,56159,40000,31308
20191110,10,11.8,59.6,0,40000,31308
20191111,11.2,1.1,71.6,69605,45000,29634
20191112,9.3,0,63.6,116424,40000,29294
20191113,7.2,7.5,72.3,72411,45000,27794
20191114,1.3,0,30.6,86743,45000,27794
20191115,5.6,18.8,87.4,92754,45000,27794
20191116,6.8,0,81.3,50795,45000,27794
20191117,8.3,21.1,79.4,0,45000,27794
20191118,4.6,14.7,59.8,248952,50000,27794
20191119,0.2,0,48,129935,45000,27794
20191120,0.5,0,35.5,177490,40000,27794
20191121,4.2,0,37.4,293152,45000,25822
20191122,9.7,0,34.1,159488,45000,25822
20191123,12.1,0,52,120008,45000,25822
