date,mean(¡ÆC),prep(mm),humidity(%),whole_price,retail_price
20160101,1.2,0,73,40000,30000
20160102,5.7,0,76.9,40001,30000
20160103,6.5,0,80.6,40002,30000
20160104,2,0,54.4,40003,30000
20160105,-2.7,0,39.4,40004,30000
20160106,-1.7,0,54.3,40005,30000
20160107,-3.4,0,51.8,40006,30000
20160108,-3.3,0,49.8,40007,30000
20160109,-2.1,0,57.1,40008,30000
20160110,0.3,0,42.3,40009,30000
20160111,-3.8,0,38.3,40010,30000
20160112,-5.2,0,46,40000,30000
20160113,-4.5,0.4,63,40000,30000
20160114,-3.4,0,52.1,40000,30000
20160115,-0.4,0,52.3,42000,30000
20160116,-0.2,0.1,68,42000,30000
20160117,1.7,0,64,42000,30000
20160118,-6.3,0.2,59.8,42000,30000
20160119,-12.8,0,45.9,43000,30000
20160120,-10.5,0,43.6,43000,30000
20160121,-7.1,0,44.3,43000,30000
20160122,-7.6,0,40.5,43000,30000
20160123,-11.5,0,42,43000,30000
20160124,-14.4,0,48.5,43000,30000
20160125,-9.4,0,47.1,43000,30000
20160126,-3.3,0.3,64.5,45000,31000
20160127,-1.1,0,56.3,45000,31000
20160128,-0.5,0,51.5,45000,31000
20160129,1.9,0,43.6,49000,31000
20160130,0.6,0,59.5,49000,31000
20160131,-3.9,0,34,49000,31000
20160201,-6,0,36,49000,31000
20160202,-5.3,0,41.8,49000,31000
20160203,-2.4,0,49.6,49000,31000
20160204,-0.7,0,50.1,49000,30767
20160205,-2.2,0,39.4,49000,30767
20160206,-3.1,0,38.6,49000,30767
20160207,-2.9,0,46.5,49000,30767
20160208,1.3,0,62.1,49000,30767
20160209,0.3,0,52.5,49000,30767
20160210,2.7,0,38.5,49000,30767
20160211,8.1,0.1,29.3,49000,30767
20160212,8.4,18,95.3,45000,31667
20160213,11,21,95,45000,30768
20160214,-2.6,2.5,73.1,45000,31668
20160215,-5.8,0,48.4,45000,30769
20160216,-2.7,0.8,65.6,45000,31669
20160217,0,0,53.9,45000,32890
20160218,3.5,0,66.4,45000,32890
20160219,2.3,0,56.4,45000,32890
20160220,1.3,0,37.1,45000,32890
20160221,-0.6,0,36.4,45000,32890
20160222,1.1,0,36.6,45000,32890
20160223,0.7,0.9,56,45000,32890
20160224,-3,0,42,45000,34835
20160225,-0.2,0,49.9,45000,34835
20160226,2.2,0,41.3,45000,34835
20160227,3.3,0.2,57.6,45000,34835
20160228,0.7,4.1,65.5,45000,34835
20160229,-3.8,0,48.6,45000,34835
20160301,-2.7,0,47.3,45000,34835
20160302,3.1,0,67.9,45000,34835
20160303,8.1,0,65.1,45000,34835
20160304,13.2,0.1,55.3,45000,34835
20160305,11.3,40,91.3,45000,34835
20160306,7.9,0.2,51,45000,34835
20160307,8.1,0,36.9,45000,34835
20160308,2.7,0,40.4,45000,34835
20160309,0.3,0,37.5,45000,34835
20160310,-1.1,0,37.8,45000,34835
20160311,-0.5,0,43.8,45000,34835
20160312,2,0,55.6,45000,34835
20160313,3.7,0.1,68.1,45000,34835
20160314,4.7,0,57,45000,34835
20160315,5.2,0,43.4,45000,34835
20160316,7.5,0,45.1,45000,34835
20160317,9.3,0,40.9,45000,34835
20160318,13.4,0,50,45000,34835
20160319,11.4,0,58.3,45000,34835
20160320,10.6,0,54,45000,34835
20160321,9.9,0,54.1,45000,34835
20160322,8,0,58.1,45000,34835
20160323,8.2,0,49.6,45000,34835
20160324,7.2,0,36.5,45000,34835
20160325,7.1,0,43.9,45000,34835
20160326,6.5,0,54.5,45000,34835
20160327,7.2,0,55.6,45000,34835
20160328,9.8,0,47.8,45000,34835
20160329,11.3,0.1,57.8,45000,33335
20160330,11.5,0,49.9,45000,33335
20160331,13.5,0,27,45000,33335
20160401,15.3,0,26,45000,33335
20160402,15,0,40.8,45000,33335
20160403,10.7,2,75.1,45000,33335
20160404,12.3,0,42.6,45000,33335
20160405,11.4,0,45.1,45000,33335
20160406,14.4,3,44.3,45000,33335
20160407,14.1,7.5,69.5,45000,33335
20160408,11.1,0,76.1,45000,33335
20160409,10.7,0,83.9,45000,33335
20160410,13.4,0,71.3,45000,33335
20160411,12.5,0,43.8,45000,33335
20160412,14.1,0,42.6,45000,33335
20160413,15.6,1,67.5,45000,33335
20160414,12.4,0,75.9,45000,33335
20160415,15,0,46.4,45000,33335
20160416,14.9,23.5,58.9,45000,33335
20160417,10.8,20.5,66.8,45000,33335
20160418,11.2,1.5,65.4,45000,33335
20160419,12,0,55.1,45000,33335
20160420,14.3,0.5,54,45000,33335
20160421,13.5,17,87.6,45000,33335
20160422,13.5,0,83.4,45000,33335
20160423,13.5,0,52.1,45000,33335
20160424,15.5,0,39.6,45000,33335
20160425,17.2,0,34.8,45000,33335
20160426,21.1,0,34.8,45000,33335
20160427,17.2,0,32,45000,33335
20160428,17.2,0,34.4,45000,33335
20160429,16.2,0.3,47.6,45000,33335
20160430,15.9,0,45.3,45000,33335
20160501,18.8,0,40.5,45000,33335
20160502,21.1,16.5,64.5,45000,33335
20160503,12.9,27,86.1,45000,33335
20160504,15.7,0,46.6,45000,33335
20160505,18.9,7.5,50.8,45000,33335
20160506,16.3,9.5,89.3,45000,33335
20160507,16.5,0,60.3,45000,33335
20160508,19.4,0,44.8,45000,33335
20160509,20.2,0,43,45000,33335
20160510,14.5,13.5,82.4,45000,33335
20160511,16.4,0,60.9,45000,33335
20160512,17.8,0,62.4,45000,33335
20160513,18.6,0.5,57,45000,33335
20160514,20.2,0,47.1,45000,33335
20160515,17.4,45,73.9,45000,33335
20160516,15.9,2.5,57,45000,33335
20160517,19.3,0,48.8,45000,33335
20160518,22.3,0,40.3,45000,33335
20160519,24.3,0,36.4,45000,33335
20160520,24,0,32,45000,33335
20160521,24.1,0,23.8,45000,33335
20160522,24.7,0,35,45000,33335
20160523,23.3,0,43,45000,33335
20160524,16.8,38.5,82.6,45000,33335
20160525,19.7,0,67.9,45000,33335
20160526,19.4,0,72,45000,33335
20160527,20.9,0,61.3,45000,33335
20160528,21.7,0,56.1,45000,33335
20160529,21.5,0,56.1,45000,33335
20160530,22.1,0,57.3,45000,33335
20160531,21.6,0,63.6,45000,33335
20160601,23.3,0,45.8,45000,35000
20160602,23.2,0,38.3,45000,35000
20160603,22.2,0,48.1,45000,35000
20160604,21.2,0,51.8,45000,35000
20160605,24.7,0,47.3,45000,35000
20160606,23.3,0,49.1,45000,35000
20160607,21.7,0.1,69.5,45000,35000
20160608,22.1,0,65.9,45000,35000
20160609,24.1,0,59.5,45000,35000
20160610,24.6,0,60.9,45000,35000
20160611,23.5,3,74.3,45000,35000
20160612,23.5,1.5,79.4,45000,35000
20160613,23.5,0,70.5,45000,35000
20160614,23.8,0,62.5,45000,35000
20160615,20.9,15.5,81.8,45000,35000
20160616,20.9,0,73.5,45000,35000
20160617,23.8,0,63.1,45000,35000
20160618,24.5,0,58,45000,35000
20160619,24.1,0,64.5,45000,35000
20160620,24.7,0,66,45000,35000
20160621,26,0,60.1,45000,35000
20160622,24.3,30.5,75.1,45000,35000
20160623,24.7,0.1,71,45000,35000
20160624,23.1,3.5,75.8,45000,35000
20160625,22.8,0,63.1,45000,35000
20160626,24.4,0,58.4,45000,35000
20160627,24.4,0,55.5,45000,35000
20160628,24.7,0,61.1,45000,35000
20160629,25.3,0,58,45000,35000
20160630,24.6,0.2,78.1,45000,35000
20160701,24,108.5,86.5,45000,35000
20160702,23.5,4,81.4,45000,35000
20160703,23.5,0,70.4,45000,35000
20160704,21.8,29.5,85.1,45000,35000
20160705,23.1,100.5,93.6,45000,35000
20160706,22.9,0,74,45000,35000
20160707,24,0,71.6,45000,35000
20160708,27.3,0,66.5,45000,35000
20160709,27.7,0,64.8,45000,35000
20160710,27.9,0,64.4,48000,35000
20160711,28.4,0,67.4,48000,35000
20160712,26.3,3,65.5,48000,35000
20160713,26.3,0,69,48000,35000
20160714,27.5,0.1,66.9,48000,35000
20160715,26.2,1.5,60,48000,35000
20160716,20.8,46.5,92.8,48000,35000
20160717,21.7,2.5,82.9,48000,35000
20160718,24.4,0.2,75.1,48000,35000
20160719,27.1,0,65.5,48000,35000
20160720,28.6,0,62.5,50000,35000
20160721,28.3,0,61.3,50000,35000
20160722,29.1,0,64,54000,35000
20160723,28.7,0.5,70.4,54000,35000
20160724,28,0.5,77.9,54000,35000
20160725,28.4,0,75.3,54000,35000
20160726,28.4,0,69,54000,35000
20160727,27.6,0.5,76.4,54000,35000
20160728,28,0.2,70.6,54000,35000
20160729,26.3,59.5,82.3,54000,35000
20160730,28.6,0.5,73.5,54000,35000
20160731,28.9,0.2,72.1,54000,35000
20160801,28.4,0,72,54000,35000
20160802,27.2,2,72.5,54000,36333
20160803,29.1,0,65.4,54000,36333
20160804,30.7,0,59.6,54000,36333
20160805,31.2,0,60.1,54000,36333
20160806,30.5,0,64.8,54000,38777
20160807,30.6,0,56,54000,38777
20160808,30.5,0,63.1,54000,38777
20160809,29.3,1,68.3,54000,38777
20160810,29.4,0,66.3,54000,38777
20160811,30.5,0,64.1,54000,38777
20160812,30.4,0,68.3,54000,38777
20160813,30.2,0,67.9,54000,38777
20160814,28.9,0.2,74,54000,38777
20160815,29.1,0,65.5,54000,35000
20160816,29.3,0.5,64.9,54000,26815
20160817,29.9,0,60.4,54000,27000
20160818,29.9,0,61.9,54000,27000
20160819,28.9,11.5,69.5,54000,27000
20160820,30.1,0,59,54000,27000
20160821,30.7,0,57.5,54000,27000
20160822,30.7,0.4,58,54000,27000
20160823,28.3,8,68.8,54000,27000
20160824,29.1,0,59.1,54000,27000
20160825,27.1,4.5,70.4,54000,27000
20160826,23,20,57,54000,27000
20160827,23.4,0,43.3,54000,27000
20160828,21,1.5,62.5,54000,27000
20160829,22.2,0,54.5,54000,27000
20160830,20.6,0,60.4,59000,27000
20160831,17.7,17.5,85.3,59000,27000
20160901,23.2,0,71.3,59000,27000
20160902,24.2,4.5,68.5,52000,27000
20160903,23.9,0.5,73.8,52000,27000
20160904,25.6,0,71.3,50000,27000
20160905,26.4,0,66.1,50000,27000
20160906,24.7,0,69,49000,27000
20160907,24.3,0,69.8,49000,27000
20160908,23,4.5,76.4,49000,27000
20160909,23.9,0,71.1,47000,27000
20160910,24.4,0,65.4,47000,27000
20160911,24.5,0,66.3,45000,27000
20160912,23.4,2.5,68.9,42000,27000
20160913,24.6,0,62.5,39000,27000
20160914,24.6,0,66.1,39001,27000
20160915,23.9,0,68.1,39002,27000
20160916,24.6,0,64.9,35000,27000
20160917,23.1,7,64.8,35000,27000
20160918,23.5,0,53.4,35000,27000
20160919,21.9,0,53.3,35000,30150
20160920,20.6,0,41.1,35000,29767
20160921,20.2,0,43.4,35000,29767
20160922,21.9,0,46.3,35000,29767
20160923,21.4,0,57.9,32000,29767
20160924,22.3,0,60.6,32000,29767
20160925,23,0,57.6,32000,33100
20160926,23.6,0,59.1,32000,33100
20160927,21,13.5,82.5,32000,33100
20160928,19.9,0.5,84.6,32000,33100
20160929,20.4,0,64.4,30000,33100
20160930,20.5,0,66.9,30000,33100
20161001,21.1,0,69,30000,33100
20161002,19,18.5,84.1,30000,33100
20161003,22.7,6.5,73.3,30000,33100
20161004,22,0,58.9,30000,33100
20161005,21.1,0,61.9,30000,33100
20161006,18,0,59.3,30000,33100
20161007,19.7,2,67.8,30000,33100
20161008,16.8,6,66.4,30000,33100
20161009,11.3,0,46.3,30000,30150
20161010,14,0,43.3,30000,30150
20161011,15.4,0,62.4,30000,30150
20161012,15.5,0,57,30000,30150
20161013,15.2,0,44.1,30000,30150
20161014,16.7,0,61.8,30000,30150
20161015,19.1,0,60.6,30000,30150
20161016,17.2,1.5,74.1,30000,30150
20161017,17.5,0,76.1,30000,30150
20161018,17,0,70.9,30000,30150
20161019,18,0,67.6,30000,30150
20161020,18.6,0,61.3,30000,30150
20161021,17.9,0,58.6,30000,30150
20161022,18.3,0,59,30000,30150
20161023,13.3,2.5,66.3,30000,30150
20161024,15.1,0,54.8,30000,30150
20161025,14.1,37,84,30000,30150
20161026,13.3,0,81,30000,30150
20161027,14.6,0,65.4,30000,30150
20161028,14.6,0.3,61.8,30000,30150
20161029,7.8,0,40.3,30000,30150
20161030,7.9,0,31.9,30000,28433
20161031,5.7,0.5,59.9,30000,28433
20161101,1.5,0,43.6,30000,28433
20161102,4.1,0.1,53.1,30000,28877
20161103,9.1,0.2,62.8,30000,28877
20161104,12.3,0,67,30000,28877
20161105,15,0,77.4,30000,28877
20161106,14,0,59.4,30000,28877
20161107,12.8,5.5,71.3,30000,28877
20161108,4.1,0.5,58,30000,28877
20161109,2.1,0,41.1,30000,28877
20161110,6,0.4,55.5,30000,30150
20161111,9.1,4,63.3,30000,30150
20161112,11.4,0,62.1,30000,30150
20161113,14.4,0.5,74.8,30000,30150
20161114,13.2,1.5,78.5,30000,30150
20161115,5.2,0,44.3,30000,30150
20161116,5.2,0,44.3,30000,33323
20161117,9.1,0,56.4,30000,33323
20161118,10.3,0,58.4,30000,33323
20161119,13,0,71.1,30000,33323
20161120,9.8,0,48.6,32000,33323
20161121,9.5,0,40.5,34000,33323
20161122,2,0.2,43.3,34000,28433
20161123,-1.8,0,37.5,34000,28433
20161124,-2.5,0,37.8,34000,28433
20161125,1,0,43.9,34000,28433
20161126,0.9,2.8,69.6,34000,28433
20161127,3.3,0,81.3,34000,28433
20161128,1.4,0,57.9,34000,28433
20161129,1.7,0,40.8,34000,28433
20161130,6,1,59.8,34000,28433
20161201,4.1,0,47.6,34000,28433
20161202,1.6,0,48.4,34000,28433
20161203,4.5,0,58.8,34000,28433
20161204,5.5,0,60.1,34000,28433
20161205,5.9,1.5,69.1,39000,28433
20161206,-1.1,0,38.5,39000,28433
20161207,1.7,0,58.3,39000,33323
20161208,2.1,3,70,39000,33323
20161209,1.4,3,65.8,39000,33323
20161210,-1.6,0,47.6,39000,33323
20161211,-1.1,0,42.6,39000,33323
20161212,2.3,0,37.9,39000,33323
20161213,3.4,0,53.6,39000,33323
20161214,-1.4,0.1,68.1,39000,33323
20161215,-5,0,41.8,39000,33323
20161216,-4.7,0,40.3,39000,33323
20161217,2.7,0,60.1,39000,33323
20161218,4.9,0,68.8,39000,33323
20161219,7.2,0.1,66,39000,33323
20161220,7.6,0,71.3,39000,33323
20161221,7.9,29,75.5,39000,33323
20161222,5.5,23.5,90.3,39000,33323
20161223,-2.5,0.1,71.1,39000,33323
20161224,-2.4,0,66,39000,33323
20161225,1,0,69.5,39000,33323
20161226,2.5,0,73.8,39000,33323
20161227,-2.3,0.5,54.6,39000,33323
20161228,-3.7,0,49,39000,33323
20161229,-4.2,0.3,53.1,39000,33323
20161230,-3.9,0,50.9,39000,33323
20161231,0.7,0,65.4,39000,33323
20170101,2.7,0,75.9,39000,33323
20170102,5,0.3,77.8,39000,33323
20170103,2,0,61.8,39000,33323
20170104,3.9,0,55,39000,33323
20170105,3.8,0,52.3,39000,33323
20170106,5.4,0,58.5,39000,33323
20170107,4.6,0,64.9,39000,33323
20170108,6.5,0,61.4,39000,33323
20170109,1.5,0,60.8,39000,33323
20170110,-3.7,0,45.1,39000,33323
20170111,-3.8,0,36.4,39000,33323
20170112,-2.2,0,43.1,38000,33323
20170113,-6,0.6,47.4,38000,33323
20170114,-8.4,0,33.3,38000,33323
20170115,-6.6,0,35.3,38000,33657
20170116,-3.8,0,37.6,40000,33657
20170117,-2,0,46.6,40000,33657
20170118,-0.5,0,68.9,40000,33657
20170119,-1.2,0,55.4,40000,33657
20170120,-4.4,4,70.3,40000,33657
20170121,-5.2,2.1,78.1,40000,33657
20170122,-8.3,0,51.3,40000,34323
20170123,-8.9,0,48.4,40000,34323
20170124,-7,0,49.6,40000,30767
20170125,-5.2,0,50.6,40000,30767
20170126,-1.3,0.3,64.4,40000,30767
20170127,-2.6,3,47.3,40000,30767
20170128,-1.6,0,38,40000,30767
20170129,0.8,4.5,71.1,40000,30767
20170130,-4.8,0.1,61.4,40000,30767
20170131,-5.4,0,44.8,40000,30767
20170201,-4,0,44.5,40000,30767
20170202,-2.7,0,52.9,40000,30767
20170203,1.5,0,65.4,40000,30767
20170204,0.9,0,69.4,40000,30767
20170205,1.2,0.5,75.3,40000,30767
20170206,-1.7,0,51,40000,30767
20170207,-2,0,45.4,40000,30767
20170208,-2.2,0,50.1,40000,30767
20170209,-5.3,0,47,40000,30767
20170210,-6.6,0,44.3,40000,30767
20170211,-4.8,0,45.4,40000,30767
20170212,-2.2,0,51.3,40000,30767
20170213,0.1,0,59.6,40000,29800
20170214,0.3,0,46,40000,29800
20170215,1.8,0,52.1,40000,30767
20170216,5.5,0,63.9,40000,30767
20170217,0.8,4,56.9,40000,30767
20170218,-2.6,0,49.4,40000,30767
20170219,2.3,1,68,40000,30767
20170220,-1.5,0.5,53.8,40000,30767
20170221,-0.6,0,37.1,40000,30767
20170222,1.7,5.1,70.8,40000,30767
20170223,-1.5,0,56.4,40000,30767
20170224,-0.8,0,51.3,40000,30767
20170225,2.6,0,63.6,40000,30767
20170226,3.6,0,52.8,40000,30767
20170227,3.7,0,37.4,40000,30767
20170228,5.6,0,41.5,40000,30767
20170301,5,5,65,40000,30767
20170302,1.8,0.5,59.5,40000,30767
20170303,3.3,0,54.4,40000,30767
20170304,5.7,0,60,40000,30767
20170305,5.2,0.5,71.6,40000,30767
20170306,0.1,0,41.3,40000,30767
20170307,-1.3,0,37.5,40000,30767
20170308,-0.1,0,50.6,40000,30767
20170309,3.2,0,47.3,40000,30767
20170310,4.8,0,37.4,40000,30767
20170311,7.3,0,37.4,40000,30767
20170312,8.2,0,58.4,40000,30767
20170313,6.9,0,49.8,40000,30767
20170314,5.8,0,37.5,40000,32767
20170315,6.3,0,34.9,40000,32767
20170316,6.2,0,41.8,40000,32767
20170317,7.7,0,43.1,40000,32767
20170318,9.5,0,34.1,40000,32767
20170319,10.9,0,36,40000,32767
20170320,10.2,0,40.4,40000,32767
20170321,7.4,0,48.1,40000,32767
20170322,7.6,0,32.8,40000,32767
20170323,9.1,0,34,40000,32767
20170324,8.7,0,41.4,40000,32767
20170325,8.1,0,41.1,40000,32767
20170326,7.3,0,53.1,40000,32767
20170327,6.1,0.4,67.4,40000,32767
20170328,7.1,0,59.8,40000,32767
20170329,8.8,0,54.9,40000,32767
20170330,10.6,0,50,40000,32767
20170331,8.6,1.5,70.6,40000,32767
20170401,9,1,60.5,40000,32767
20170402,9,0,53.1,40000,32767
20170403,11.4,0,45.6,40000,32767
20170404,14.1,0,35.3,40000,32767
20170405,12,37.5,66,40000,32767
20170406,10.4,3,90,40000,32767
20170407,14.5,0,68.1,40000,32767
20170408,13,0.5,74.5,40000,32767
20170409,14.8,0.5,59.6,40000,32767
20170410,16.5,0,25.8,40000,32767
20170411,15.3,0,36.8,40000,32767
20170412,11.5,0,21.8,40000,32767
20170413,12.7,0,54,40000,32767
20170414,13,6,57.9,40000,32767
20170415,16.8,0,59.4,40000,32767
20170416,18.7,0,52.9,40000,32767
20170417,14.7,5.5,66.5,40000,32767
20170418,11.7,7.5,76.5,40000,32767
20170419,12.6,0,43.1,40000,32767
20170420,12.9,0.1,45.4,40000,32767
20170421,13.1,0,56.5,40000,32767
20170422,14.8,0,48.4,40000,32767
20170423,14.9,0,40,40000,32767
20170424,15.1,0,39.4,40000,32767
20170425,16,0,56.8,43000,32767
20170426,15.1,0,36,43000,32767
20170427,13.6,0,41.8,43000,32767
20170428,14.4,0,57.3,43000,32767
20170429,17.1,0,44.3,43000,32767
20170430,19.3,0,57.9,43000,32767
20170501,20.1,0,50.8,43000,32767
20170502,20.7,0,42,43000,32767
20170503,21.5,0,34.1,43000,32767
20170504,21,0,43.6,43000,32767
20170505,20.9,0,53.4,43000,32767
20170506,14.9,0,32,43000,32767
20170507,16.6,0,42.6,43000,32767
20170508,17.9,0,43.6,43000,32767
20170509,17.1,2.5,62.6,43000,32767
20170510,16.4,2.5,73,43000,33777
20170511,19.3,0,65.3,43000,33165
20170512,19.1,0,71.6,43000,33165
20170513,16.4,6,77.8,43000,33165
20170514,15.7,0,58.3,43000,33165
20170515,16,0,61.4,43000,33165
20170516,17.1,0,60.5,43000,33165
20170517,18.6,0,51.5,43000,33165
20170518,20.4,0,41.9,46000,33165
20170519,21.1,0,42.6,46000,33165
20170520,20.9,0,44,46000,33165
20170521,21.5,0,48.1,46000,33165
20170522,21.8,0,53.6,46000,35665
20170523,20,5,68,46000,35665
20170524,21.8,0.1,60.4,46000,35665
20170525,19.2,0,45.6,46000,35665
20170526,17.7,0,41.5,46000,35665
20170527,19.5,0,46.1,46000,35665
20170528,21.2,0,50.6,46000,35665
20170529,22.9,0,61.8,46000,35665
20170530,23.6,0,43.5,46000,34150
20170531,23.3,0,49.1,46000,34150
20170601,23.3,0,51.8,46000,34150
20170602,20.5,0,37.4,46000,34150
20170603,20.5,0,44,46000,34150
20170604,21.7,0,36.9,46000,34150
20170605,24.2,0,33.3,46000,34150
20170606,19.4,15.5,60,46000,34150
20170607,17.6,12.5,91.4,46000,34150
20170608,20.1,0,67.3,46000,34150
20170609,21.2,0.1,69.8,46000,34150
20170610,21.5,4.5,46.8,46000,34150
20170611,22.8,0,33.8,46000,34150
20170612,22.1,0,45.5,46000,36650
20170613,21.5,0,63,46000,38165
20170614,21.8,0,63,46000,38165
20170615,23.1,0,62.4,46000,38165
20170616,25.5,0,55.8,46000,38165
20170617,24.2,0,52.3,50000,38165
20170618,24.3,0,52,50000,38165
20170619,24.8,0,50.9,50000,38165
20170620,26,0,43.4,50000,38165
20170621,25.4,0,52.6,50000,38165
20170622,25.3,0,57.3,50000,38165
20170623,26.7,0,53,50000,38165
20170624,24.5,3.5,60.4,50000,38165
20170625,23.8,1.5,75.4,50000,38165
20170626,23.1,29,76.9,50000,38165
20170627,25.2,0,67.5,50000,38165
20170628,26,0,63.5,50000,38165
20170629,26.2,0,64.8,50000,38165
20170630,25.9,0,65.9,53000,38165
20170701,25.3,0.5,73.6,53000,38165
20170702,24.3,92,90.5,53000,38165
20170703,24.7,67.5,87.6,53000,38165
20170704,26.7,0.5,74.5,53000,38165
20170705,27.4,0,66.9,53000,38165
20170706,27.6,34,72.3,53000,38165
20170707,26.4,16.5,80.8,53000,38165
20170708,26,4.5,83.3,53000,38165
20170709,26.3,32.5,88,53000,38165
20170710,24,144.5,96.5,53000,38165
20170711,26,1,81.4,53000,38165
20170712,27.1,0,75.9,53000,38165
20170713,27.6,0,71,53000,38165
20170714,28.7,0,68.4,53000,38165
20170715,25,42.5,89,53000,38165
20170716,26.2,22.5,83.4,53000,38165
20170717,26.8,7.5,77.3,53000,38165
20170718,26.5,2.5,80.6,53000,38165
20170719,28.3,0,71.4,53000,38165
20170720,29.9,0,66.1,53000,38165
20170721,29.8,0,73.1,53000,38165
20170722,29.3,0.5,75.8,53000,38165
20170723,27,133.5,89.5,53000,38165
20170724,26.2,3,82.3,53000,38165
20170725,29.4,0,64.1,53000,38165
20170726,28.7,0,55.6,53000,38165
20170727,27.1,3.5,62.5,53000,38165
20170728,25.5,8.5,92.1,53000,38165
20170729,27.2,0,72.3,53000,38165
20170730,27.9,0,64.4,53000,38165
20170731,25.7,3.5,82.3,53000,38165
20170801,28.6,2,73,53000,38165
20170802,30,0,71.9,53000,38165
20170803,30.2,0,60.6,53000,38165
20170804,30.3,0,60.1,53000,38165
20170805,31.4,0,63,53000,38165
20170806,29.8,5,71.9,53000,38165
20170807,29.2,0,68.1,53000,38165
20170808,28.2,0,67.1,53000,38165
20170809,27.6,2.5,66.4,53000,38165
20170810,24.8,5.5,89.9,53000,38165
20170811,27,0.5,72.5,53000,38165
20170812,27.8,0,60.3,53000,38165
20170813,26.3,0,62.1,53000,38165
20170814,24.6,1.5,67.5,53000,38165
20170815,21.9,93.5,93.8,53000,38165
20170816,23.3,2,80.5,53000,38165
20170817,24.8,0.5,77.1,53000,38165
20170818,26.3,0,75.6,53000,40000
20170819,26.1,0,75.8,53000,40000
20170820,23.2,124.5,95.6,53000,40000
20170821,25.8,5,81.5,53000,40000
20170822,27.3,0,70.6,53000,40000
20170823,27.2,31.5,84.1,53000,40000
20170824,26.5,14,85.3,53000,40000
20170825,25.3,0,61.9,53000,40000
20170826,24.2,0,54.5,53000,40000
20170827,22.7,0,62,53000,40000
20170828,21.5,9,73.1,53000,40000
20170829,19.5,0,51.4,53000,40000
20170830,19.8,0,55.8,53000,32500
20170831,22.2,0,62.4,53000,32500
20170901,23.3,0,56,53000,32500
20170902,23.8,0,59,53000,32500
20170903,23.7,0,64,53000,32500
20170904,24.6,0,53.8,53000,31500
20170905,21.9,0,62.4,53000,31500
20170906,20.6,2,75.5,53000,31500
20170907,22.4,0,73.3,46000,31500
20170908,24.3,0,67.5,46000,31500
20170909,23.8,0,70.1,46000,31500
20170910,23,0.5,74.3,46000,31500
20170911,21.2,24,79.8,46000,31500
20170912,22.1,0,58.6,43000,31500
20170913,21.4,0,49.3,43000,31500
20170914,22.4,0,48.8,43000,33110
20170915,22.6,0,48.4,42000,31777
20170916,22,0,50.9,42000,31777
20170917,23.1,0,51.3,42000,31777
20170918,21.9,0,62.8,42000,31777
20170919,22.6,8,79.1,42000,31777
20170920,19.5,0,48.9,42000,31777
20170921,20.3,0,57.3,42000,31777
20170922,20.6,0,60.8,42000,31777
20170923,21.8,0,69.8,42000,31777
20170924,22.4,0,71.5,42000,31777
20170925,23.4,0,58,42000,31777
20170926,25.1,0,57,42000,31650
20170927,22.7,0.5,66.4,42000,31650
20170928,19.2,0,49.1,42000,31650
20170929,17.4,0,39.3,42000,31650
20170930,20,0,64.9,40000,31650
20171001,18.2,4,74.8,40000,26850
20171002,22,1.5,62.3,39000,26850
20171003,17.6,0,49.8,39000,26850
20171004,16.7,0,48.5,39000,26850
20171005,18.7,0,56.4,39000,26850
20171006,18.9,0.5,66.4,39000,27027
20171007,21.9,0,67.6,39000,27027
20171008,23,0,66.9,39000,27027
20171009,22.5,0,66,39000,27027
20171010,21.4,0.4,76.9,39000,27683
20171011,15.5,20,77.1,38000,27683
20171012,11.4,0,71,38000,27683
20171013,12.8,0,51,36000,27683
20171014,14.4,0,42.8,36000,27683
20171015,15.8,0,42.5,36000,27683
20171016,16.6,0,47.6,36000,26017
20171017,16.2,0,47.1,36000,26017
20171018,16.5,0.1,58.8,35000,26017
20171019,17,0,58.3,35000,26017
20171020,17,0,58.6,35000,26017
20171021,17.6,0,52.8,35000,25183
20171022,16.3,0,50.4,35000,25183
20171023,13.7,0,47,35000,25183
20171024,14.4,0,54.3,35000,25183
20171025,14.4,0,59,35000,25183
20171026,14.5,0,56.5,35000,25183
20171027,16.9,0,54.4,35000,25183
20171028,17.2,0,51.9,35000,25183
20171029,11.5,0,45.6,35000,29100
20171030,7.7,0,27.4,35000,29100
20171031,10.4,0,54.3,35000,29100
20171101,14.4,0,72.4,33000,29100
20171102,15.5,1,78.8,32000,29100
20171103,12.3,1.5,66,32000,29100
20171104,7.8,0,47.9,32000,29100
20171105,8.4,0,52.5,32000,29100
20171106,11.4,0,64.5,32000,29100
20171107,14.4,0,61.4,32000,29100
20171108,13.1,0,53.3,32000,29100
20171109,9.4,0,39.6,32000,29100
20171110,9.8,7.5,56.3,32000,22767
20171111,5.9,0,42.9,32000,22767
20171112,5.3,0,57.1,32000,22767
20171113,8.4,4.5,64.4,32000,22767
20171114,7.5,0,42.5,32000,22767
20171115,3.2,0,38.3,32000,22767
20171116,1,0,30.3,32000,22767
20171117,3,0,39.4,33000,29100
20171118,-2.1,0,38.5,31000,29100
20171119,-1.6,0,37.8,31000,29100
20171120,-0.4,0,55.3,31000,29100
20171121,1.3,0,55.6,31000,29100
20171122,4.3,0.5,54.8,31000,29100
20171123,0.9,1.2,49.3,31000,29100
20171124,-0.4,0,62.5,31000,29100
20171125,3,24,77.6,31000,29100
20171126,3.3,0,71.6,31000,29100
20171127,2.5,0,53,31000,29100
20171128,6.4,0.5,64.1,31000,29100
20171129,3.2,0,48.3,31000,29100
20171130,-2.4,0,26.8,31000,29100
20171201,-2.2,0,49.4,31000,29100
20171202,1.9,0,59.9,31000,29100
20171203,4.9,4,83.1,31000,29100
20171204,-1.2,0.1,48.1,31000,29100
20171205,-4.2,0.1,40.1,31000,29100
20171206,0.2,1.2,72.6,31000,29100
20171207,0.7,0,64.5,31000,29100
20171208,-3.8,0,41.3,31000,29100
20171209,-0.5,0,46.1,31000,29100
20171210,1.1,4.1,67.9,31000,29100
20171211,-7,0,40.5,31000,29100
20171212,-9.4,0,41.9,31000,29100
20171213,-8.7,0,42,31000,29100
20171214,-6.6,0,42.9,31000,29100
20171215,-3,0,52.6,31000,29100
20171216,-5.7,0,43.1,31000,29100
20171217,-6.7,0,38.1,31000,29100
20171218,-1.6,3.4,80,31000,32110
20171219,-3.9,0,49.4,31000,32110
20171220,-3.9,0.2,68,31000,32110
20171221,-0.9,0,71.4,31000,32110
20171222,3.4,0,66.6,31000,32110
20171223,6.1,0,75.8,31000,32110
20171224,2.9,20,82,31000,32110
20171225,-2.1,0,43.1,31000,32110
20171226,-3.8,0,41.8,31000,32110
20171227,-6.9,0,31.4,31000,32110
20171228,-2.1,0,47,31000,32110
20171229,2.1,0,67,31000,32110
20171230,1.4,0.7,79.5,31000,32110
20171231,-0.3,1,54.4,31000,32110
20180101,-1.3,0,39.1,31000,32110
20180102,-1.8,0,42,31000,32110
20180103,-4.7,0,42.3,31000,32110
20180104,-4.7,0,43,32000,32110
20180105,-3,0,48.4,32000,32110
20180106,-2.8,0,45.8,32000,32110
20180107,-0.8,0,42.1,32000,32110
20180108,1.3,0.9,51.9,32000,32110
20180109,-4.2,0.5,59.4,32000,32110
20180110,-7.5,0.3,52,32000,32110
20180111,-11.1,0,49.8,32000,32110
20180112,-10.2,0,35.4,32000,32110
20180113,-4.4,0.4,67.3,32000,32110
20180114,0.6,0,64.1,32000,32110
20180115,4.7,0.2,63.9,32000,32110
20180116,3.5,0,59.1,34000,32110
20180117,4.5,0,64.1,34000,32110
20180118,2.1,0,59.6,34000,32110
20180119,1,0,43,34000,32110
20180120,2.2,0,57.6,34000,32110
20180121,0.4,0,36.6,34000,32110
20180122,0.2,3.3,56.5,34000,32110
20180123,-11.7,0,42,35000,32110
20180124,-14.2,0,31.6,35000,32110
20180125,-14,0,32.6,35000,32110
20180126,-14.8,0,34.9,35000,32110
20180127,-9.9,0,37.4,35000,32110
20180128,-6.3,0,36,36000,32110
20180129,-8.5,0,35,36000,32110
20180130,-5.3,2.9,62,36000,32110
20180131,-2.6,0,54.5,36000,32110
20180201,-4,0,44.1,36000,32110
20180202,-2.4,0,51.1,36000,32110
20180203,-7.3,0.5,47,36000,32110
20180204,-9.5,0,40.9,36000,32110
20180205,-9.4,0,37.8,36000,32110
20180206,-10.1,0,36.5,36000,32110
20180207,-8,0,39.8,36000,32110
20180208,-4.4,0,43.3,36000,32110
20180209,0.4,0,43.9,36000,29210
20180210,-0.5,0,47.4,36000,29210
20180211,-6.1,0,42.5,36000,29210
20180212,-5.8,0,40.8,35000,29210
20180213,-0.8,0,54.5,35000,29210
20180214,3.5,0,51,35000,29210
20180215,-0.7,0,28,35000,29210
20180216,-1.1,0,40.1,35000,29210
20180217,-3,0,25.6,35000,29210
20180218,-0.4,0,26.9,35000,29150
20180219,1.8,0,48.6,35000,29150
20180220,0.9,0,41,35000,29150
20180221,-0.9,0,31.5,35000,27767
20180222,1.3,0.4,59,35000,27767
20180223,4.2,3.7,81.1,35000,27767
20180224,2.4,0,49.4,35000,27767
20180225,1.9,0,40.6,35000,27767
20180226,3.1,0,43.1,35000,27767
20180227,4.2,0,48.8,35000,27767
20180228,4.6,25,73.3,35000,27767
20180301,-0.2,0.5,61.9,35000,27767
20180302,-0.7,0,34,35000,26933
20180303,7.9,0,38.1,35000,26933
20180304,9.8,11.5,89.1,35000,26933
20180305,5.5,3.5,67.5,35000,26933
20180306,4.5,0,46.8,37000,27767
20180307,6.4,0.5,54,37000,27767
20180308,4.6,4,76,37000,31100
20180309,4.5,0,63.3,37000,31100
20180310,4.6,0,65.8,37000,31100
20180311,6.4,0,51.3,37000,31100
20180312,8,0,45.8,37000,31100
20180313,12.4,0,60.5,37000,31100
20180314,17,0,58.8,37000,31100
20180315,12.4,27,92.1,37000,31100
20180316,7.1,0,46.9,37000,31100
20180317,6.6,0,48,37000,31100
20180318,8.2,0.5,55.9,37000,31100
20180319,8,1,64.5,37000,31100
20180320,4.7,0,39.9,37000,31100
20180321,2.1,1,64.1,37000,31100
20180322,4.9,0,61.5,37000,31100
20180323,6.1,0,55.3,37000,31100
20180324,7.6,0,61.9,37000,31100
20180325,9.6,0,65.6,37000,31100
20180326,11,0,64.5,37000,31100
20180327,13.3,0,61.1,37000,31100
20180328,14,0,66.4,37000,31100
20180329,15.4,0,66.3,37000,31100
20180330,14.8,0,55.6,37000,31100
20180331,14,0,52.9,37000,31100
20180401,15.6,0,68.8,37000,31100
20180402,18.4,0,64,37000,31100
20180403,17.8,0.1,72.9,37000,31100
20180404,13.4,18.5,67,37000,31100
20180405,7.6,10.5,90.6,37000,31100
20180406,5.8,6.5,71.6,37000,31100
20180407,4.2,0.2,45.5,37000,31100
20180408,3.9,3,59.6,37000,31100
20180409,7.9,0,57.9,37000,31100
20180410,15.1,5,51,37000,31100
20180411,12.6,0,49.4,37000,30433
20180412,13.3,0,30.5,35000,30433
20180413,14.6,0,22.9,35000,30433
20180414,9,9,78.8,35000,30433
20180415,9.5,0,65.5,35000,30433
20180416,11.6,0,41.9,34000,30433
20180417,12.9,0,37.9,34000,30433
20180418,12.4,0,35.4,34000,30433
20180419,14,0,38.8,34000,30433
20180420,18.4,0,46,34000,30433
20180421,18.7,0,32,34000,30433
20180422,15.5,15.5,57.4,34000,30433
20180423,9.3,59,93.9,34000,30433
20180424,12.1,3,63.3,34000,30433
20180425,14.6,0,37.8,34000,30433
20180426,14.9,0,51.9,34000,30433
20180427,15.7,0,52.9,34000,30433
20180428,15.4,0,49,34000,30433
20180429,16.2,0,43.1,34000,30433
20180430,19.2,0,61.6,34000,30433
20180501,20.4,0,72.8,34000,30433
20180502,15.1,12,90.4,34000,30433
20180503,11.2,1,62.4,34000,30433
20180504,14.1,0,45.5,34000,30433
20180505,18.3,0,46.8,34000,30433
20180506,16.6,22,86.4,34000,30433
20180507,19.2,0,60.3,34000,30433
20180508,17.5,0,50.9,34000,30433
20180509,15.7,0,50.4,34000,30433
20180510,15.4,0,67.4,34000,30433
20180511,16.1,0,59.8,34000,30433
20180512,14.2,32,89.3,34000,30433
20180513,15.8,0.5,82.5,34000,30433
20180514,18.2,0,71.4,34000,30433
20180515,23.2,0,56.4,34000,30433
20180516,22.3,45,93.8,34000,30433
20180517,20.9,83,97,34000,30433
20180518,16.3,6.5,86.8,34000,30433
20180519,17.6,0,47.5,34000,30433
20180520,17,0,32.1,34000,30433
20180521,17.8,0,43.9,34000,30433
20180522,18.1,12.5,75.5,34000,31443
20180523,17.3,6.5,57.1,34000,30377
20180524,18.3,0,47.4,34000,30377
20180525,19.7,0,47.4,34000,30377
20180526,21.8,0,50.1,34000,30377
20180527,20.3,0,47.4,34000,30377
20180528,22.3,0,49.8,35000,31443
20180529,21.4,1,69.3,35000,31443
20180530,20.2,0,69.8,35000,31443
20180531,20.9,0,58.9,35000,31443
20180601,23.8,0,50.4,35000,31443
20180602,23.4,0,44.5,35000,31443
20180603,24,0,39.4,35000,31443
20180604,22.6,0,50.1,35000,31443
20180605,23.7,0,52.5,35000,31443
20180606,23,0,62.9,35000,31443
20180607,22.2,0,69.3,35000,31443
20180608,21.9,0,68,35000,31443
20180609,23.7,0.5,60.6,35000,31777
20180610,21.3,0.5,59.9,35000,31777
20180611,20.2,5,67.3,35000,31777
20180612,21.3,0,65.5,35000,31777
20180613,22,0,64,35000,31777
20180614,21.6,29,74.9,35000,31777
20180615,21.7,16.5,60.8,35000,31777
20180616,22.5,0,56.4,35000,31777
20180617,22.8,0,66.9,35000,31777
20180618,24.8,0,54.9,34000,31777
20180619,22.4,0,61.3,34000,30677
20180620,22.7,0,68.1,34000,30677
20180621,23.7,0,60.1,34000,31777
20180622,25,0,45.1,34000,31777
20180623,24.5,0,50.6,34000,31777
20180624,25.2,0,62.8,34000,31777
20180625,27.1,0,57.1,34000,31777
20180626,22.3,71.5,88.3,34000,31777
20180627,22.3,1,81.9,34000,31777
20180628,23.3,26.5,85.1,34000,31777
20180629,24.7,6.5,78.5,34000,31777
20180630,24.4,14.5,83.8,34000,31777
20180701,21.9,83.5,94.6,34000,31777
20180702,22.6,59.5,95.4,34000,31777
20180703,27.4,0.1,74.4,34000,31777
20180704,27.3,0,69.6,34000,31777
20180705,25.3,0.5,72.8,34000,31777
20180706,23.9,0,57.8,34000,31777
20180707,23.7,0,51.4,34000,31777
20180708,23.3,0,51.5,34000,31777
20180709,20.8,14,82.3,34000,31777
20180710,23.7,16.5,87.8,33000,31777
20180711,26.8,3,82.9,33000,31777
20180712,26.6,1,82.4,33000,31777
20180713,27.3,0,74.8,33000,31777
20180714,27.9,0,69.6,33000,31777
20180715,28.3,0,69.6,33000,31777
20180716,28.7,0,64.3,34000,31777
20180717,28.1,0,66.5,34000,31777
20180718,28.2,0,64.8,34000,31777
20180719,28.7,0,64.1,34000,31777
20180720,29.5,0,62.6,34000,31777
20180721,30.6,0,53.6,34000,31777
20180722,31.8,0,49.6,34000,31777
20180723,31.7,0,53.8,34000,31777
20180724,31.4,0,59.5,34000,31777
20180725,30.1,0,66.3,34000,31777
20180726,30.1,0,68.8,34000,31777
20180727,30.9,0,69.3,34000,31777
20180728,29.5,7.5,77.1,34000,31777
20180729,31.3,0,52.4,34000,31777
20180730,31.7,0,50.9,34000,31777
20180731,32.6,0,50.5,34000,31777
20180801,33.6,0,55.5,34000,31777
20180802,33.7,0,54.4,34000,31777
20180803,33.1,0,55.3,34000,31777
20180804,31.1,0,60.6,34000,31777
20180805,30,2,71.8,34000,31777
20180806,30.5,6.5,71.6,34000,31777
20180807,30.5,0,63.4,34000,31777
20180808,31,0,64.8,34000,31777
20180809,28.8,2,76.3,34000,31777
20180810,30.7,0,60.9,34000,31777
20180811,31,0,55.8,34000,31777
20180812,30.6,5,61.3,34000,31777
20180813,30.5,1,68.6,34000,31777
20180814,31.7,0,58.3,34000,31777
20180815,31.7,1,59.5,34000,31777
20180816,29.9,0,51,34000,31777
20180817,27.2,0,39.8,34000,31777
20180818,26.7,0,44.6,34000,32443
20180819,28.2,0,50.6,34000,32443
20180820,29.1,0,55.6,34000,32443
20180821,26.6,5,71.4,34000,32443
20180822,30.7,0,54.1,34000,32443
20180823,29.4,3,59.1,34000,32443
20180824,24.4,7.5,86.3,34000,31165
20180825,25.2,0,68,34000,31165
20180826,23.2,2,70,34000,31165
20180827,22.7,19.5,91,34000,31165
20180828,23.7,96.5,92.4,34000,31165
20180829,25.2,42,86,50000,31165
20180830,25.3,9.5,80.9,50000,31165
20180831,25.6,0.1,67.4,50000,32835
20180901,25.5,0,59.4,50000,32835
20180902,25.1,0,55.8,50000,32835
20180903,23.3,34.5,85.3,50000,32835
20180904,23.2,0,69.4,53000,26000
20180905,24,0,63.5,53000,26000
20180906,24.1,1,69.9,53000,26000
20180907,22,0.5,54.6,53000,26000
20180908,21.7,0,48.8,58000,26000
20180909,22.2,0,49,58000,26000
20180910,22.9,0,49.5,58000,26000
20180911,21.6,0,48.1,58000,26000
20180912,22.8,0,52,56000,26000
20180913,23.5,0,63.5,56000,26000
20180914,23.5,0.5,66.9,56000,26000
20180915,23.3,0.2,76,56000,26000
20180916,22.2,2,83.6,56000,26000
20180917,22.3,0.1,64.3,56000,25000
20180918,22,0,59.8,56000,40000
20180919,22.1,0.2,59.1,50000,40000
20180920,19,5,82.4,50000,40000
20180921,19.4,18,85.8,50000,40000
20180922,20.8,6.5,62.3,50000,40000
20180923,19.4,0,52.9,43000,40000
20180924,17.6,0,48.3,43000,45000
20180925,17.8,0,48,43000,45000
20180926,19.4,0,47.9,43000,45000
20180927,18.9,0,47.6,43000,40333
20180928,17.5,0,58.1,43000,40333
20180929,20.2,0,55.5,43000,40333
20180930,17.6,0,52.5,40000,40333
20181001,15.4,0,55.1,40000,37000
20181002,15.9,0,61.4,40000,35333
20181003,17.3,0,58,40000,35333
20181004,19.3,0,56.5,37000,35333
20181005,16.9,36.5,84.1,37000,35333
20181006,18,55.5,84,37000,35333
20181007,16.4,0,53.5,37000,35333
20181008,14.8,0,47,37000,35333
20181009,15.3,0,52.5,37000,35333
20181010,12,7,61,37000,35333
20181011,9.7,0,51,37000,35333
20181012,10.9,0,54,37000,35333
20181013,12.5,0,54,37000,31833
20181014,13.2,0,60,37000,31833
20181015,15.2,0,69.9,35000,31833
20181016,14.5,0,55.9,35000,31833
20181017,12.4,0,53.3,35000,36500
20181018,12.7,0,59.5,35000,36500
20181019,13.1,0,54.3,35000,36500
20181020,13.4,0,53.9,35000,36500
20181021,13.4,0,49.5,35000,36500
20181022,14,0,50,35000,36500
20181023,12.2,5,75.1,35000,36500
20181024,12.5,0,66,35000,36500
20181025,13.8,0,55.5,35000,36500
20181026,12.2,11,74.1,35000,36500
20181027,8.7,0,49.6,35000,36500
20181028,8.3,5.5,77.1,35000,36500
20181029,7.2,0,57.3,35000,36500
20181030,6.1,0,51.3,35000,36500
20181031,7.4,0,55.4,35000,36500
20181101,8.4,0,53.4,35000,36500
20181102,10.6,0,54.9,40000,32667
20181103,11.2,0,56,40000,32667
20181104,11.6,0,55,40000,32667
20181105,11.9,0,65.5,40000,32667
20181106,12.2,0,70.5,40000,32667
20181107,12.8,2,79.5,40000,32667
20181108,11.8,64,93.8,40000,32667
20181109,12.1,1,69,41000,32667
20181110,11.9,0,69.1,41000,32667
20181111,8.1,0,67.6,41000,32667
20181112,8.1,0,52.3,41000,32667
20181113,8.8,0,51.6,41000,32667
20181114,9.8,0,55.5,41000,32667
20181115,9.7,0,55.4,41000,32667
20181116,8.8,0,65.1,42000,32667
20181117,4.9,0,50.8,42000,32667
20181118,6.1,0,48.8,42000,32667
20181119,6.5,0,50.4,42000,32667
20181120,6.5,0.2,39.9,42000,34000
20181121,5.8,1,57.1,42000,34000
20181122,2.3,0,35,42000,34000
20181123,1.9,0,29.6,44000,34000
20181124,2.6,10.9,71.1,44000,34000
20181125,4.8,0,77.8,44000,34000
20181126,6.3,0,70.1,44000,34000
20181127,7.1,0,65,44000,34000
20181128,5,0,27.1,44000,34000
20181129,3.5,0,41.4,44000,34000
20181130,2.7,0,46.1,44000,34000
20181201,5.5,0,42.3,44000,34000
20181202,8.2,0,50.1,44000,34000
20181203,11.5,9.5,87.4,44000,34000
20181204,6.7,5,74.9,44000,34000
20181205,0,0,39.5,44000,34000
20181206,2.4,0,50.5,44000,34000
20181207,-7.3,0,37.1,44000,34000
20181208,-8.3,0,37.1,44000,36500
20181209,-7.2,0,27,44000,36500
20181210,-2.5,0,33.3,44000,36500
20181211,0.2,0,44.8,44000,36500
20181212,-1.9,0,39,44000,36500
20181213,-2.2,1.3,57.4,44000,34000
20181214,-4.4,0,44.3,44000,34000
20181215,-2.4,0,46.8,44000,34000
20181216,0,0.3,63.8,44000,34000
20181217,1.6,0.3,60.1,44000,34000
20181218,2.6,0,56.3,44000,34000
20181219,4,0,53.4,44000,35333
20181220,3.4,0,45.5,44000,36543
20181221,5.6,0,40.1,44000,36543
20181222,6.9,0,48.9,44000,36543
20181223,2.4,0,43,44000,36543
20181224,-2.3,0,35.9,44000,36543
20181225,0.6,0,53.4,44000,36543
20181226,-1.5,0,40.8,44000,36543
20181227,-10.1,0,28.3,44000,36543
20181228,-10.5,0,33,44000,36543
20181229,-7.6,0,29,44000,36543
20181230,-6.8,0,35.9,44000,36543
20181231,-5.4,0,39.6,46000,36543
20190101,-5,0,49.5,46000,36543
20190102,-4.9,0,42.8,46000,36543
20190103,-3.5,0,38.8,46000,36543
20190104,-1.1,0,55.5,46000,36543
20190105,-2.8,0,40.3,46000,36543
20190106,-2.8,0,35,48000,36543
20190107,-1.9,0,46.4,48000,36543
20190108,-3.5,0,31,48000,36543
20190109,-4.7,0,28.8,48000,36543
20190110,-0.6,0,48.8,48000,36543
20190111,2.4,0,58.8,48000,36543
20190112,2.8,0,47.6,48000,36543
20190113,1.2,0,54.3,48000,39657
20190114,1.4,0,68.6,48000,39657
20190115,-1.7,0,58.8,48000,39657
20190116,-5.2,0,45.9,48000,39657
20190117,-0.3,0,45.8,51000,39657
20190118,0.6,0,44,51000,39657
20190119,3.6,0,59.8,52000,39657
20190120,-1.4,0,38.5,52000,39657
20190121,-1.2,0,57.8,52000,39657
20190122,1.7,0,62,52000,38543
20190123,2,0,48.9,54000,38543
20190124,0.1,0,34.9,54000,38543
20190125,-1.2,0,27.6,55000,38543
20190126,-2.5,0,30.9,55000,38543
20190127,-0.1,0,52.5,55000,38543
20190128,1.2,0,40.4,55000,38767
20190129,-0.2,0,35.5,55000,38767
20190130,1.8,0,54.6,55000,38767
20190131,-2,0,29,55000,38767
20190201,-2.1,0.3,47.6,55000,38767
20190202,1.4,0,60,53000,38767
20190203,3.3,16,92.9,53000,38767
20190204,-0.6,0,40.4,53000,38767
20190205,2.8,0,37.1,53000,38543
20190206,5.1,0,54.9,51000,38543
20190207,-2.1,0.5,45.5,49000,38543
20190208,-6.1,0,31.5,49000,38543
20190209,-5.4,0,30,49000,38543
20190210,-5,0,31.3,49000,38543
20190211,-3,0,34.9,49000,38543
20190212,-0.6,0,35.5,49000,38543
20190213,-2.1,0,26.6,49000,38543
20190214,-0.5,0,24.3,49000,38543
20190215,-0.8,2.2,72.8,49000,38543
20190216,-2.7,0.2,59,49000,38543
20190217,-1.8,0,47.4,49000,38543
20190218,0.9,0,43.5,49000,38543
20190219,1.4,4.6,80.8,49000,38543
20190220,1.7,0,67.8,49000,38543
20190221,2.4,0,59.4,49000,38543
20190222,4,0,56.1,49000,38543
20190223,6.8,0,41,49000,38543
20190224,6.3,0,45,49000,38543
20190225,4.7,0,55.8,49000,38543
20190226,5.2,0,32.8,49000,38543
20190227,7.8,0,31.3,49000,38543
20190228,6.6,0,39.5,49000,38543
20190301,6.6,0,42.3,49000,38543
20190302,7.8,0,37.6,49000,38543
20190303,9.4,0,36.4,49000,38543
20190304,9.9,0,46.1,49000,38543
20190305,8.4,0,66.3,49000,38543
20190306,8.4,0,55,49000,38543
20190307,7,0,51.1,49000,37243
20190308,6.1,0,39.4,49000,37243
20190309,7.2,0,31.8,48000,37243
20190310,10.1,0,26.4,48000,37243
20190311,6.6,0,61,48000,37243
20190312,3.9,0,55.1,48000,38543
20190313,3.5,0,38.5,48000,38543
20190314,5,0,45.3,48000,38543
20190315,5.5,3.5,72.8,48000,38543
20190316,4.3,0,69.9,48000,38543
20190317,6.3,0,55.4,48000,38543
20190318,7.1,0,43.8,48000,38543
20190319,10,0,52,48000,38543
20190320,10.3,16.5,79,48000,38543
20190321,7.1,3.3,77.4,48000,38543
20190322,3.3,0,40.9,48000,38543
20190323,3.3,1.7,46.9,48000,38543
20190324,4.3,0,45.4,48000,38543
20190325,7.3,0,56.1,49000,38543
20190326,11.4,0,51.1,49000,38543
20190327,11.6,0,66.4,49000,38543
20190328,9.4,0,49.9,49000,38543
20190329,9.2,0,33.1,49000,38543
20190330,5.2,1.8,72,49000,38543
20190331,4.4,0,46,49000,38543
20190401,5.5,0,39.8,49000,38543
20190402,6.7,0,36.9,49000,38543
20190403,7.6,0,36.1,49000,38543
20190404,9.2,0,43,49000,38543
20190405,11.4,0,41,49000,38543
20190406,9.3,0.8,39.9,49000,38543
20190407,12.6,0,43.1,49000,38543
20190408,11.6,0,25.6,49000,38543
20190409,9.2,17.4,49.1,49000,39543
20190410,7.1,5.6,78.4,49000,39543
20190411,9.5,0,58,48000,39543
20190412,11.4,0,48.5,48000,39543
20190413,11.8,0,34,48000,39543
20190414,9.6,1.7,45.5,48000,39543
20190415,11.6,0,30.9,48000,39543
20190416,14.9,0,26.3,48000,39543
20190417,15.3,0,37.5,48000,39543
20190418,12.6,0,74.4,48000,39543
20190419,13.8,0,57.5,48000,39543
20190420,14.3,1.2,66.9,48000,39543
20190421,14.8,0.3,77.8,48000,39543
20190422,19.3,0,50.6,48000,39543
20190423,20.4,0,52,48000,39543
20190424,19.5,4.1,70.4,48000,39543
20190425,13.2,11.3,75.9,48000,39543
20190426,8.4,4.9,82.1,48000,39543
20190427,11.6,0,52.6,48000,39543
20190428,12.9,0,48.8,49000,39543
20190429,13,0,52.9,49000,39543
20190430,15.5,0,52.8,49000,39543
20190501,16.4,0,48.9,50000,39543
20190502,17.1,0,28.5,50000,39543
20190503,17.9,0,37.5,50000,39543
20190504,19.5,0,40.4,50000,41543
20190505,19.2,0,35.8,50000,41543
20190506,14.5,0,27.1,50000,41543
20190507,15,0,33.4,50000,41543
20190508,15.6,0,48.3,50000,41543
20190509,16.6,0,43.3,50000,41543
20190510,17.8,0,48,50000,41543
20190511,20.3,0,39,50000,41543
20190512,21.6,0,36,50000,41543
20190513,18.7,0,43.4,50000,41543
20190514,19.6,0,44.5,50000,41543
20190515,20.7,0,48.1,50000,41543
20190516,23.5,0,43.8,50000,41543
20190517,23.6,0,44.9,50000,41543
20190518,22.8,0,46.8,50000,41543
20190519,19.4,22,93,50000,41543
20190520,16.4,8.7,63.6,50000,41543
20190521,17.2,0,52,50000,41543
20190522,19.5,0,46,50000,41543
20190523,22.1,0,45,50000,41543
20190524,24.2,0,46.4,50000,41543
20190525,23.4,0,45.6,50000,41543
20190526,24.5,0,39,50000,41543
20190527,17.8,7.1,80.9,50000,41543
20190528,18.1,0,45.9,50000,41543
20190529,20.3,0,48.4,50000,41543
20190530,19.6,0,48,50000,41543
20190531,19.1,0,49.6,50000,41543
20190601,18.9,0,60.5,50000,41543
20190602,21.1,0,42.1,60000,41543
20190603,23.1,0,42.9,60000,41543
20190604,22.6,0,56.4,60000,41543
20190605,23,0,63.8,60000,41543
20190606,21.2,7.5,75.9,60000,41543
20190607,20,35.3,77.3,60000,41543
20190608,21.9,0,57.5,60000,41543
20190609,21.6,2.5,66.1,60000,41543
20190610,18.4,9.5,70.3,60000,43577
20190611,20.5,0,51.1,60000,43577
20190612,21.5,0,57.1,60000,43577
20190613,23,0,51.9,60000,43577
20190614,23,0,54.8,60000,45243
20190615,21.9,2.1,61.5,60000,48543
20190616,22,0,55.4,60000,48543
20190617,21.7,0,59.1,60000,48543
20190618,20.8,13.8,78.6,60000,48543
20190619,21.4,0.2,77.8,60000,48543
20190620,22.7,0,70.6,60000,48543
20190621,22.1,0.2,72.9,60000,48543
20190622,24.2,0,42.3,60000,48543
20190623,25,0,40.4,60000,48543
20190624,25.2,0,46.9,60000,48543
20190625,25.6,0,49.1,60000,48543
20190626,25.5,0,52.6,60000,50210
20190627,25.5,1.4,70.5,60000,50210
20190628,24.7,0,67.3,63000,50210
20190629,23.1,1.5,72,63000,50210
20190630,23.9,0,73.5,63000,48543
20190701,23.9,0,64.4,63000,48543
20190702,24.4,0,63.5,63000,48543
20190703,24.1,0,64.6,63000,48543
20190704,25.4,0,59.6,63000,48543
20190705,27.6,0,42.1,63000,48543
20190706,29.7,0,40.9,63000,48543
20190707,26.7,0,43.3,63000,48543
20190708,25.1,0,46.6,63000,48543
20190709,25,0,46.4,63000,48543
20190710,22.7,8.5,64.1,63000,48543
20190711,21.9,2.9,76.9,63000,48543
20190712,23.6,0,65.5,63000,48543
20190713,24.9,0,67.3,63000,48543
20190714,25.9,0,64.6,65000,48543
20190715,23.8,7.7,80,65000,48543
20190716,24.7,6.3,79,65000,48543
20190717,25.6,0.7,73.9,65000,48543
20190718,26.9,0,65,65000,48543
20190719,28.6,0,61.3,65000,48543
20190720,28,1.1,66.9,70000,48543
20190721,25.1,6.2,87.1,70000,46877
20190722,26.7,0.1,74.6,70000,46877
20190723,28.1,0,70.8,70000,48544
20190724,26.5,1,82.3,70000,46877
20190725,26.3,9.7,90.1,70000,46877
20190726,25.1,60,95.3,70000,48545
20190727,28.4,0.6,76.6,72000,46877
20190728,26.1,25.6,88.3,72000,46877
20190729,27.5,0.5,74.5,72000,48546
20190730,28.1,1.2,75.3,72000,46877
20190731,25.8,62.3,91.1,72000,46877
20190801,26.3,26.9,86.4,72000,46877
20190802,28.4,0,74.6,72000,46877
20190803,29.4,3,69,72000,46877
20190804,28.3,8.6,75.9,72000,46877
20190805,30.5,0,65.5,72000,46877
20190806,31.6,0,51.4,72000,46877
20190807,26.9,8,78.1,72000,46877
20190808,28.9,0,71.4,72000,46877
20190809,29.8,0,69,72000,46877
20190810,31.5,0,57.9,72000,46877
20190811,30.4,6.7,53.6,72000,46877
20190812,26.6,56.2,91.8,72000,46877
20190813,29.2,6.4,76.9,72000,45815
20190814,30.4,0,63.9,46000,45815
20190815,25.9,16.2,82,46000,45815
20190816,25.9,0.1,74.5,47000,45815
20190817,25.9,0,69.5,48000,45815
20190818,25.6,0,66.5,48000,45815
20190819,26.3,0,60.6,48000,45815
20190820,28.2,0,56.3,48000,45815
20190821,27,1.3,67.3,48000,45815
20190822,26.9,0,66.5,48000,45815
20190823,26.2,0,58.4,45000,45815
20190824,24.1,0,60.9,45000,45815
20190825,25,0,66.6,40000,40000
20190826,26.4,0,63.8,40000,36500
20190827,25.7,20,71.1,40000,36500
20190828,26.1,0,66.2,40000,40000
20190829,23.4,36.9,77.1,40000,40000
20190830,22.6,0.2,66.3,37000,40000
20190831,23.5,0,65,37000,40000
20190901,23.7,0,64,35000,39985
20190902,24.4,0,56.6,35000,39985
20190903,24.1,0,67.6,35000,39985
20190904,22.8,22.7,89,35000,39985
20190905,23,36.4,91.4,35000,39985
20190906,25.3,2.4,79.8,35000,39985
20190907,25.7,2.8,72.9,33000,39985
20190908,24.7,0,76.9,33000,37485
20190909,25.1,0,74.3,33000,37485
20190910,23.8,63.2,93.4,33000,37485
20190911,24.3,7.6,71.4,33000,37485
20190912,21,3.9,72.3,33000,37485
20190913,23.3,0.1,60.4,33000,33990
20190914,22.4,0.3,80,33000,33990
20190915,24.2,0,70.4,33000,37485
20190916,24.5,0,53,33000,37485
20190917,23.5,0,41.6,33000,37485
20190918,21,0,46,33000,34150
20190919,19.5,0,46.5,33000,34150
20190920,19.6,0,52.8,33000,34150
20190921,19.6,0,60.3,33000,34150
20190922,18.6,0.4,63.4,33000,34150
20190923,20,0,51.1,33000,34150
20190924,19.8,0,61.3,33000,34150
20190925,20.9,0,64.4,33000,34150
20190926,22.9,0,59.3,33000,34150
20190927,22.9,0,57.5,33000,27733
20190928,23.7,0,58.9,37000,27733
20190929,22.6,0,60.6,37000,27733
20190930,22.4,0,61,37000,27733
20191001,23.1,0,67.1,38000,27733
20191002,21.6,23.1,88,38000,27733
20191003,22.4,4.6,73.4,38000,31650
20191004,22.4,0,71.5,38000,31650
20191005,18.7,0.6,72.6,35000,31650
20191006,18.1,0,53.4,35000,31650
20191007,14.8,25.4,92,38000,31650
20191008,14.7,0,58.8,36000,31650
20191009,13.6,0,48.3,36000,31650
20191010,15.2,0,60.9,36000,31650
20191011,18.8,0,60,36000,31650
20191012,17.9,0,49.3,35000,31650
20191013,17.2,0,52.6,35000,31650
20191014,14.4,0,56.9,35000,31650
20191015,14.5,0,55.6,35000,31650
20191016,14.6,0,58.3,35000,31650
20191017,15.4,0,56,35000,34985
20191018,17,0,58.3,35000,34985
20191019,17,0,63.8,35000,34985
20191020,16.5,0,70.3,37000,34985
20191021,17.1,0,61,37000,34985
20191022,18.1,0,56.1,37000,34985
20191023,17,0,57.3,37000,34985
20191024,18.3,0,47.6,37000,34985
20191025,16.7,0,58,37000,34985
20191026,10,0,60,37000,34985
20191027,11,0,59,37000,34985
20191028,12.9,1.7,65.9,39000,34985
20191029,12.5,0.1,61,39000,34985
20191030,11.2,0,60.3,39000,34985
20191031,14.8,0,73.8,39000,34985
20191101,14.9,0,57.9,39000,34985
20191102,13.6,0,57.3,40000,34985
20191103,14.7,0,57.8,40000,34985
20191104,13.8,0,57.8,40000,34985
20191105,12.4,0,65.1,47000,31657
20191106,11,0,63.6,45000,31657
20191107,9.2,0,42.8,45000,31657
20191108,6.8,0,31.4,45000,29983
20191109,9.5,0,41.4,42000,29983
20191110,10,11.8,59.6,42000,29983
20191111,11.2,1.1,71.6,42000,29983
20191112,9.3,0,63.6,42000,29983
20191113,7.2,7.5,72.3,40000,29983
20191114,1.3,0,30.6,40000,29983
20191115,5.6,18.8,87.4,40000,29983
20191116,6.8,0,81.3,40000,29983
20191117,8.3,21.1,79.4,40000,29983
20191118,4.6,14.7,59.8,41000,29983
20191119,0.2,0,48,41000,29983
20191120,0.5,0,35.5,41000,34323
20191121,4.2,0,37.4,41000,35433
20191122,9.7,0,34.1,41000,35433
